MHP,"Ace College of Engineering, .Thiruvallam.",Pathanamthitta,47531,EEE
MHP,"Ace College of Engineering, .Thiruvallam.",Pathanamthitta,47521,CE
MHP,"Ace College of Engineering, .Thiruvallam.",Pathanamthitta,47025,ECE
MHP,"Ace College of Engineering, .Thiruvallam.",Pathanamthitta,40380,ME
ASI,"Adi Sankara Institute of Engg. & Tech., Kalady, Ernakulam.",Ernakulam,47618,CE
ASI,"Adi Sankara Institute of Engg. & Tech., Kalady, Ernakulam.",Ernakulam,47614,ECE
ASI,"Adi Sankara Institute of Engg. & Tech., Kalady, Ernakulam.",Ernakulam,47406,ME
ASI,"Adi Sankara Institute of Engg. & Tech., Kalady, Ernakulam.",Ernakulam,47205,EEE
ASI,"Adi Sankara Institute of Engg. & Tech., Kalady, Ernakulam.",Ernakulam,15100,CSE
ATP,"Ahalia School of Engineering & Technology, Pudussery,",Palakkad,47326,CE
ATP,"Ahalia School of Engineering & Technology, Pudussery,",Palakkad,45827,ECE
ATP,"Ahalia School of Engineering & Technology, Pudussery,",Palakkad,45386,EEE
ATP,"Ahalia School of Engineering & Technology, Pudussery,",Palakkad,42425,ME
ATP,"Ahalia School of Engineering & Technology, Pudussery,",Palakkad,33010,CSE
AAP,"Al-Ameen College of Engineering, Pattambi.",Palakkad,25139,ME
AAP,"Al-Ameen College of Engineering, Pattambi.",Palakkad,0,CE
AAP,"Al-Ameen College of Engineering, Pattambi.",Palakkad,0,ECE
AAP,"Al-Ameen College of Engineering, Pattambi.",Palakkad,0,EEE
AAE,"Al-Azhar College of Engineering & Technology, Thodupuzha.",Idukki,47480,AE
AAE,"Al-Azhar College of Engineering & Technology, Thodupuzha.",Idukki,46364,ECE
AAE,"Al-Azhar College of Engineering & Technology, Thodupuzha.",Idukki,45972,CE
AAE,"Al-Azhar College of Engineering & Technology, Thodupuzha.",Idukki,45594,ME
AAE,"Al-Azhar College of Engineering & Technology, Thodupuzha.",Idukki,43719,CSE
AIK,"Albertian Institute of Science and Technology, Kalamassery.",Ernakulam,46718,CE
AIK,"Albertian Institute of Science and Technology, Kalamassery.",Ernakulam,46158,EEE
AIK,"Albertian Institute of Science and Technology, Kalamassery.",Ernakulam,45578,ME
AIK,"Albertian Institute of Science and Technology, Kalamassery.",Ernakulam,45084,ECE
AIK,"Albertian Institute of Science and Technology, Kalamassery.",Ernakulam,21271,CSE
AJC,"Amal Jyothi College of Engineering, Koovapally, Kanjirapally",Kottayam,47486,CE
AJC,"Amal Jyothi College of Engineering, Koovapally, Kanjirapally",Kottayam,47419,ME
AJC,"Amal Jyothi College of Engineering, Koovapally, Kanjirapally",Kottayam,47337,EEE
AJC,"Amal Jyothi College of Engineering, Koovapally, Kanjirapally",Kottayam,46373,AE
AJC,"Amal Jyothi College of Engineering, Koovapally, Kanjirapally",Kottayam,39439,ECE
AJC,"Amal Jyothi College of Engineering, Koovapally, Kanjirapally",Kottayam,25676,IT
AJC,"Amal Jyothi College of Engineering, Koovapally, Kanjirapally",Kottayam,21028,CHE
AJC,"Amal Jyothi College of Engineering, Koovapally, Kanjirapally",Kottayam,11671,CSE
AWH,"AWH Engineering College, Kozhikkode",Kozhikode,47589,EEE
AWH,"AWH Engineering College, Kozhikkode",Kozhikode,47534,CE
AWH,"AWH Engineering College, Kozhikkode",Kozhikode,46847,ME
AWH,"AWH Engineering College, Kozhikkode",Kozhikode,42252,ECE
AWH,"AWH Engineering College, Kozhikkode",Kozhikode,34840,CSE
AXE,"Axis College of Engineering & Technology, Murikkingal,",Thrissur,46873,CSE
AXE,"Axis College of Engineering & Technology, Murikkingal,",Thrissur,46647,CE
AXE,"Axis College of Engineering & Technology, Murikkingal,",Thrissur,45902,ECE
AXE,"Axis College of Engineering & Technology, Murikkingal,",Thrissur,45575,EEE
AXE,"Axis College of Engineering & Technology, Murikkingal,",Thrissur,0,ME
BMC,"Baselios Mathew II College of Engg., Sasthamcotta, Kollam.",Kollam,47376,CE
BMC,"Baselios Mathew II College of Engg., Sasthamcotta, Kollam.",Kollam,44300,ME
BMC,"Baselios Mathew II College of Engg., Sasthamcotta, Kollam.",Kollam,37976,CSE
BMC,"Baselios Mathew II College of Engg., Sasthamcotta, Kollam.",Kollam,35754,ECE
BMC,"Baselios Mathew II College of Engg., Sasthamcotta, Kollam.",Kollam,0,EEE
BJK,"Bishop Jerome Institute, Kollam.",Kollam,47240,CE
BJK,"Bishop Jerome Institute, Kollam.",Kollam,42895,ME
BJK,"Bishop Jerome Institute, Kollam.",Kollam,39373,EEE
BJK,"Bishop Jerome Institute, Kollam.",Kollam,27734,ECE
UCC,"Calicut Unity. Institute of Engineering & Tech., Tenhipalam.",Malappuram,38922,ECE
UCC,"Calicut Unity. Institute of Engineering & Tech., Tenhipalam.",Malappuram,36344,EEE
UCC,"Calicut Unity. Institute of Engineering & Tech., Tenhipalam.",Malappuram,35102,IT
UCC,"Calicut Unity. Institute of Engineering & Tech., Tenhipalam.",Malappuram,32553,ME
CMA,"Carmel College of Engg. & Technology, Punnapra,",Alappuzha,46669,EEE
CMA,"Carmel College of Engg. & Technology, Punnapra,",Alappuzha,46185,CE
CMA,"Carmel College of Engg. & Technology, Punnapra,",Alappuzha,43312,ME
CMA,"Carmel College of Engg. & Technology, Punnapra,",Alappuzha,31811,CSE
CCE,"Christ College of Engineering, Irinjalakuda.",Thrissur,47383,CE
CCE,"Christ College of Engineering, Irinjalakuda.",Thrissur,46353,ME
CCE,"Christ College of Engineering, Irinjalakuda.",Thrissur,42942,EEE
CCE,"Christ College of Engineering, Irinjalakuda.",Thrissur,24571,ECE
CCE,"Christ College of Engineering, Irinjalakuda.",Thrissur,8107,CSE
CKC,"Christ Knowledge City, Kuzhoor,EKM",Ernakulam,46581,CSE
CKC,"Christ Knowledge City, Kuzhoor,EKM",Ernakulam,39665,CE
CKC,"Christ Knowledge City, Kuzhoor,EKM",Ernakulam,30870,ME
CKC,"Christ Knowledge City, Kuzhoor,EKM",Ernakulam,0,ECE
PRP,"College of Engineering & Management, Punnapra.",Alappuzha,47362,EEE
PRP,"College of Engineering & Management, Punnapra.",Alappuzha,47054,ME
PRP,"College of Engineering & Management, Punnapra.",Alappuzha,47002,ECE
PRP,"College of Engineering & Management, Punnapra.",Alappuzha,27677,CE
PRP,"College of Engineering & Management, Punnapra.",Alappuzha,20266,CSE
CEN,"College of Engineering and Technology, Payyannur, Kannur.",Kannur,47438,ME
CEN,"College of Engineering and Technology, Payyannur, Kannur.",Kannur,47317,ECE
CEN,"College of Engineering and Technology, Payyannur, Kannur.",Kannur,46287,CE
CEN,"College of Engineering and Technology, Payyannur, Kannur.",Kannur,45979,EEE
PRN,College of Engineering Perumon.,Kollam,33131,ECE
PRN,College of Engineering Perumon.,Kollam,23302,EEE
PRN,College of Engineering Perumon.,Kollam,23297,ME
PRN,College of Engineering Perumon.,Kollam,12879,CSE
ADR,"College of Engineering, Adoor",Pathanamthitta,44355,ME
ADR,"College of Engineering, Adoor",Pathanamthitta,43231,EEE
ADR,"College of Engineering, Adoor",Pathanamthitta,33326,ECE
ADR,"College of Engineering, Adoor",Pathanamthitta,9026,CSE
AEC,"College of Engineering, Aranmula, Pathanamthitta.",Pathanamthitta,47546,ECE
AEC,"College of Engineering, Aranmula, Pathanamthitta.",Pathanamthitta,45879,EEE
AEC,"College of Engineering, Aranmula, Pathanamthitta.",Pathanamthitta,30430,CE
AEC,"College of Engineering, Aranmula, Pathanamthitta.",Pathanamthitta,24055,CSE
CEA,"College of Engineering, Attingal, Thiruvananthapuram.",Thiruvananthapuram,39127,ECE
CEA,"College of Engineering, Attingal, Thiruvananthapuram.",Thiruvananthapuram,38008,EEE
CEA,"College of Engineering, Attingal, Thiruvananthapuram.",Thiruvananthapuram,9878,CSE
CHN,"College of Engineering, Chengannur, Alappuzha.",Alappuzha,46802,EEE
CHN,"College of Engineering, Chengannur, Alappuzha.",Alappuzha,16497,ECE
CHN,"College of Engineering, Chengannur, Alappuzha.",Alappuzha,5390,CSE
CEC,"College of Engineering, Cherthala, Alappuzha.",Alappuzha,46926,EEE
CEC,"College of Engineering, Cherthala, Alappuzha.",Alappuzha,46173,ECE
CEC,"College of Engineering, Cherthala, Alappuzha.",Alappuzha,14207,CSE
PTA,"College of Engineering, Kallooppara.",Pathanamthitta,46903,ECE
PTA,"College of Engineering, Kallooppara.",Pathanamthitta,46234,EEE
PTA,"College of Engineering, Kallooppara.",Pathanamthitta,15814,CSE
KNP,"College of Engineering, Karunagappally.",Kollam,47608,EEE
KNP,"College of Engineering, Karunagappally.",Kollam,47554,ME
KNP,"College of Engineering, Karunagappally.",Kollam,47375,ECE
KNP,"College of Engineering, Karunagappally.",Kollam,20137,CSE
KGR,"College of Engineering, Kidangoor.",Kottayam,46463,ECE
KGR,"College of Engineering, Kidangoor.",Kottayam,45967,EEE
KGR,"College of Engineering, Kidangoor.",Kottayam,31983,CE
KGR,"College of Engineering, Kidangoor.",Kottayam,16866,CSE
CEK,"College of Engineering, Kottarakkara, Kollam.",Kollam,46370,ECE
CEK,"College of Engineering, Kottarakkara, Kollam.",Kollam,22965,CSE
MNR,"College of Engineering, Munnar.",Munnar,47538,ME
MNR,"College of Engineering, Munnar.",Munnar,47244,ECE
MNR,"College of Engineering, Munnar.",Munnar,46283,EEE
MNR,"College of Engineering, Munnar.",Munnar,19001,CSE
CEM,"College of Engineering, Muttathara.",Thiruvananthapuram,47604,ME
CEM,"College of Engineering, Muttathara.",Thiruvananthapuram,47565,ECE
CEM,"College of Engineering, Muttathara.",Thiruvananthapuram,47089,EEE
CEM,"College of Engineering, Muttathara.",Thiruvananthapuram,35872,CE
CEM,"College of Engineering, Muttathara.",Thiruvananthapuram,24079,CSE
PEC,"College of Engineering, Pathanapuram.",Kollam,47564,ME
PEC,"College of Engineering, Pathanapuram.",Kollam,46857,ECE
PEC,"College of Engineering, Pathanapuram.",Kollam,46599,EEE
PEC,"College of Engineering, Pathanapuram.",Kollam,32072,CE
PEC,"College of Engineering, Pathanapuram.",Kollam,25275,CSE
PJR,"College of Engineering, Poonjar.",Kottayam,41927,ECE
PJR,"College of Engineering, Poonjar.",Kottayam,24211,CSE
TLY,"College of Engineering, Thalassery, Kannur.",Kannur,33938,ME
TLY,"College of Engineering, Thalassery, Kannur.",Kannur,33552,EEE
TLY,"College of Engineering, Thalassery, Kannur.",Kannur,29900,IT
TLY,"College of Engineering, Thalassery, Kannur.",Kannur,29881,ECE
TLY,"College of Engineering, Thalassery, Kannur.",Kannur,19633,CE
TLY,"College of Engineering, Thalassery, Kannur.",Kannur,9851,CSE
TKR,"College of Engineering, Thrikarippur, Kasaragod.",Kasaragod,46472,EEE
TKR,"College of Engineering, Thrikarippur, Kasaragod.",Kasaragod,39698,ECE
TKR,"College of Engineering, Thrikarippur, Kasaragod.",Kasaragod,27837,CE
TKR,"College of Engineering, Thrikarippur, Kasaragod.",Kasaragod,17199,CSE
VDA,"College of Engineering, Vadakara, Kozhikode.",Kozhikode,42873,EEE
VDA,"College of Engineering, Vadakara, Kozhikode.",Kozhikode,36615,ECE
VDA,"College of Engineering, Vadakara, Kozhikode.",Kozhikode,33379,IT
VDA,"College of Engineering, Vadakara, Kozhikode.",Kozhikode,22388,CE
VDA,"College of Engineering, Vadakara, Kozhikode.",Kozhikode,13090,CSE
TVE,"College of Engineering,Thiruvananthapuram.",Thiruvananthapuram,2349,CE
TVE,"College of Engineering,Thiruvananthapuram.",Thiruvananthapuram,1804,AEI
TVE,"College of Engineering,Thiruvananthapuram.",Thiruvananthapuram,1252,ME
TVE,"College of Engineering,Thiruvananthapuram.",Thiruvananthapuram,800,EEE
TVE,"College of Engineering,Thiruvananthapuram.",Thiruvananthapuram,289,ECE
TVE,"College of Engineering,Thiruvananthapuram.",Thiruvananthapuram,174,CSE
IDK,"Engineering College, Idukki",Idukki,8623,ME
IDK,"Engineering College, Idukki",Idukki,8263,IT
IDK,"Engineering College, Idukki",Idukki,4621,ECE
IDK,"Engineering College, Idukki",Idukki,0,CSE
IDK,"Engineering College, Idukki",Idukki,0,EEE
EKC,"Eranad Knowledgecity Technical Campus, Cherukulam,",Kozhikode,45321,CE
EKC,"Eranad Knowledgecity Technical Campus, Cherukulam,",Kozhikode,44283,CSE
EKC,"Eranad Knowledgecity Technical Campus, Cherukulam,",Kozhikode,32268,ME
EKC,"Eranad Knowledgecity Technical Campus, Cherukulam,",Kozhikode,21276,ECE
FIT,"Federal Institute of Science & Tech., Angamaly.",Ernakulam,47485,ME
FIT,"Federal Institute of Science & Tech., Angamaly.",Ernakulam,40683,CE
FIT,"Federal Institute of Science & Tech., Angamaly.",Ernakulam,27045,EEE
FIT,"Federal Institute of Science & Tech., Angamaly.",Ernakulam,17463,ECE
FIT,"Federal Institute of Science & Tech., Angamaly.",Ernakulam,6711,CSE
KNR,"Govt. College of Engineering, Kannur.",Kannur,8674,ME
KNR,"Govt. College of Engineering, Kannur.",Kannur,6771,CE
KNR,"Govt. College of Engineering, Kannur.",Kannur,6594,EEE
KNR,"Govt. College of Engineering, Kannur.",Kannur,5489,ECE
KNR,"Govt. College of Engineering, Kannur.",Kannur,1634,CSE
TRV,"Govt. Engineering College, Barton Hills, TVM",Thiruvananthapuram,6372,ME
TRV,"Govt. Engineering College, Barton Hills, TVM",Thiruvananthapuram,5613,IT
TRV,"Govt. Engineering College, Barton Hills, TVM",Thiruvananthapuram,5516,CE
TRV,"Govt. Engineering College, Barton Hills, TVM",Thiruvananthapuram,4472,EEE
TRV,"Govt. Engineering College, Barton Hills, TVM",Thiruvananthapuram,2329,ECE
KKE,"Govt. Engineering College, Kozhikkode.",Kozhikode,8825,AEI
KKE,"Govt. Engineering College, Kozhikkode.",Kozhikode,8372,ME
KKE,"Govt. Engineering College, Kozhikkode.",Kozhikode,7066,CE
KKE,"Govt. Engineering College, Kozhikkode.",Kozhikode,4918,CHE
KKE,"Govt. Engineering College, Kozhikkode.",Kozhikode,4847,ECE
WYD,"Govt. Engineering College, Mananthavady.",Wayanad,0,CSE
WYD,"Govt. Engineering College, Mananthavady.",Wayanad,0,ECE
WYD,"Govt. Engineering College, Mananthavady.",Wayanad,0,EEE
WYD,"Govt. Engineering College, Mananthavady.",Wayanad,0,ME
PKD,"Govt. Engineering College, Sreekrishnapuram.",Palakkad,8119,IT
PKD,"Govt. Engineering College, Sreekrishnapuram.",Palakkad,7777,ME
PKD,"Govt. Engineering College, Sreekrishnapuram.",Palakkad,6888,CE
PKD,"Govt. Engineering College, Sreekrishnapuram.",Palakkad,6579,EEE
PKD,"Govt. Engineering College, Sreekrishnapuram.",Palakkad,4915,ECE
PKD,"Govt. Engineering College, Sreekrishnapuram.",Palakkad,0,CSE
TCR,"Govt. Engineering College,Thrissur.",Thrissur,4989,CE
TCR,"Govt. Engineering College,Thrissur.",Thrissur,3638,ME
TCR,"Govt. Engineering College,Thrissur.",Thrissur,2841,CHE
TCR,"Govt. Engineering College,Thrissur.",Thrissur,2575,EEE
TCR,"Govt. Engineering College,Thrissur.",Thrissur,935,ECE
TCR,"Govt. Engineering College,Thrissur.",Thrissur,407,CSE
KTE,"Govt. Rajiv Gandhi Institute of Tech., Kottayam.",Kottayam,7685,ME
KTE,"Govt. Rajiv Gandhi Institute of Tech., Kottayam.",Kottayam,7060,CE
KTE,"Govt. Rajiv Gandhi Institute of Tech., Kottayam.",Kottayam,5895,EEE
KTE,"Govt. Rajiv Gandhi Institute of Tech., Kottayam.",Kottayam,3474,ECE
KTE,"Govt. Rajiv Gandhi Institute of Tech., Kottayam.",Kottayam,1295,CSE
GIT,"Gurudeva Institute of Science & Technology, Puthuppally.",Kottayam,47527,ME
GIT,"Gurudeva Institute of Science & Technology, Puthuppally.",Kottayam,47277,ECE
GIT,"Gurudeva Institute of Science & Technology, Puthuppally.",Kottayam,46900,CE
GIT,"Gurudeva Institute of Science & Technology, Puthuppally.",Kottayam,46626,CSE
GIT,"Gurudeva Institute of Science & Technology, Puthuppally.",Kottayam,13491,EEE
HCE,"Heera College of Engineering & Technology, Nedumangad.",Thiruvananthapuram,46879,CSE
HCE,"Heera College of Engineering & Technology, Nedumangad.",Thiruvananthapuram,43881,CE
HCE,"Heera College of Engineering & Technology, Nedumangad.",Thiruvananthapuram,31553,EEE
HCE,"Heera College of Engineering & Technology, Nedumangad.",Thiruvananthapuram,0,ECE
HCE,"Heera College of Engineering & Technology, Nedumangad.",Thiruvananthapuram,0,ME
HGW,"Holy Grace Academy of Engineering, Mala, Thrissur.",Thrissur,43271,CSE
HGW,"Holy Grace Academy of Engineering, Mala, Thrissur.",Thrissur,37953,CE
HGW,"Holy Grace Academy of Engineering, Mala, Thrissur.",Thrissur,0,ECE
HGW,"Holy Grace Academy of Engineering, Mala, Thrissur.",Thrissur,0,EEE
HGW,"Holy Grace Academy of Engineering, Mala, Thrissur.",Thrissur,0,ME
IES,"I E S College of Engineering, Chittilappilly.",Thrissur,44332,CSE
IES,"I E S College of Engineering, Chittilappilly.",Thrissur,40089,EEE
IES,"I E S College of Engineering, Chittilappilly.",Thrissur,0,CE
IES,"I E S College of Engineering, Chittilappilly.",Thrissur,0,ECE
IES,"I E S College of Engineering, Chittilappilly.",Thrissur,0,ME
ECE,"ICCS College of Engineering and Management, Thrissur",Thrissur,46768,CSE
ECE,"ICCS College of Engineering and Management, Thrissur",Thrissur,45458,CE
ECE,"ICCS College of Engineering and Management, Thrissur",Thrissur,0,ME
ICE,"Ilahia College of Engineering & Tech., Moovattupuzha.",Ernakulam,47065,CSE
ICE,"Ilahia College of Engineering & Tech., Moovattupuzha.",Ernakulam,42143,AIDS
ICE,"Ilahia College of Engineering & Tech., Moovattupuzha.",Ernakulam,41957,CE
ICE,"Ilahia College of Engineering & Tech., Moovattupuzha.",Ernakulam,36541,ME
ICE,"Ilahia College of Engineering & Tech., Moovattupuzha.",Ernakulam,35971,EEE
ICE,"Ilahia College of Engineering & Tech., Moovattupuzha.",Ernakulam,13000,ECE
ILE,"ILM College of Engineering, Perumbavoor, Ernakulam.",Ernakulam,47585,CSE
ILE,"ILM College of Engineering, Perumbavoor, Ernakulam.",Ernakulam,46617,ME
ILE,"ILM College of Engineering, Perumbavoor, Ernakulam.",Ernakulam,45451,CE
ILE,"ILM College of Engineering, Perumbavoor, Ernakulam.",Ernakulam,42150,ECE
IGW,"Indira Gandhi Inst. of Engineering & Tech., Kothamangalam",Ernakulam,47265,EEE
IGW,"Indira Gandhi Inst. of Engineering & Tech., Kothamangalam",Ernakulam,46362,ECE
IGW,"Indira Gandhi Inst. of Engineering & Tech., Kothamangalam",Ernakulam,45603,CE
IGW,"Indira Gandhi Inst. of Engineering & Tech., Kothamangalam",Ernakulam,40920,CSE
JBT,"Jai Bharath College of Management & Engg. Tech.,",Ernakulam,47525,CSE
JBT,"Jai Bharath College of Management & Engg. Tech.,",Ernakulam,0,CE
JBT,"Jai Bharath College of Management & Engg. Tech.,",Ernakulam,0,ECE
JBT,"Jai Bharath College of Management & Engg. Tech.,",Ernakulam,0,EEE
JBT,"Jai Bharath College of Management & Engg. Tech.,",Ernakulam,0,ME
JCE,"Jawaharlal College of Engineering & Technology,",Palakkad,47020,CE
JCE,"Jawaharlal College of Engineering & Technology,",Palakkad,45333,ECE
JCE,"Jawaharlal College of Engineering & Technology,",Palakkad,43375,CSE
JCE,"Jawaharlal College of Engineering & Technology,",Palakkad,32171,ME
JIT,"John Cox Memorial CSI Institute of Technology,",Thiruvananthapuram,46869,CSE
JIT,"John Cox Memorial CSI Institute of Technology,",Thiruvananthapuram,46545,CE
JIT,"John Cox Memorial CSI Institute of Technology,",Thiruvananthapuram,42317,ECE
JIT,"John Cox Memorial CSI Institute of Technology,",Thiruvananthapuram,42182,ME
JIT,"John Cox Memorial CSI Institute of Technology,",Thiruvananthapuram,0,EEE
JEC,"Jyothi Engineering College, Cheruthuruthy.",Thrissur,45377,ME
JEC,"Jyothi Engineering College, Cheruthuruthy.",Thrissur,45125,CE
JEC,"Jyothi Engineering College, Cheruthuruthy.",Thrissur,44650,ECE
JEC,"Jyothi Engineering College, Cheruthuruthy.",Thrissur,38808,EEE
JEC,"Jyothi Engineering College, Cheruthuruthy.",Thrissur,32795,AIDS
JEC,"Jyothi Engineering College, Cheruthuruthy.",Thrissur,20461,CSE
KME,"K M E A Engineering College, Edathala.",Ernakulam,45976,CE
KME,"K M E A Engineering College, Edathala.",Ernakulam,45878,ME
KME,"K M E A Engineering College, Edathala.",Ernakulam,40162,EEE
KME,"K M E A Engineering College, Edathala.",Ernakulam,40011,ECE
KME,"K M E A Engineering College, Edathala.",Ernakulam,29126,CSE
KMW,"KMCT College of  Engineering for Women, Manassery.",Kozhikode,46907,CSE
KMW,"KMCT College of  Engineering for Women, Manassery.",Kozhikode,45977,CE
KMC,"KMCT College of  Engineering, Kozhikkode.",Kozhikode,47327,AE
KMC,"KMCT College of  Engineering, Kozhikkode.",Kozhikode,46990,CE
KMC,"KMCT College of  Engineering, Kozhikkode.",Kozhikode,45286,AEI
KMC,"KMCT College of  Engineering, Kozhikkode.",Kozhikode,44855,ME
KMC,"KMCT College of  Engineering, Kozhikkode.",Kozhikode,44808,IT
KMC,"KMCT College of  Engineering, Kozhikkode.",Kozhikode,44441,ECE
KMC,"KMCT College of  Engineering, Kozhikkode.",Kozhikode,44174,EEE
KMC,"KMCT College of  Engineering, Kozhikkode.",Kozhikode,32033,CSE
KIT,"Kottayam Institute of Tech. & Science, Pallicathode,",Kottayam,47268,CSE
KIT,"Kottayam Institute of Tech. & Science, Pallicathode,",Kottayam,46214,AE
KIT,"Kottayam Institute of Tech. & Science, Pallicathode,",Kottayam,42483,CE
KIT,"Kottayam Institute of Tech. & Science, Pallicathode,",Kottayam,0,ECE
KIT,"Kottayam Institute of Tech. & Science, Pallicathode,",Kottayam,0,EEE
KIT,"Kottayam Institute of Tech. & Science, Pallicathode,",Kottayam,0,ME
KVE,"KVM College of Engineering and Information Technology,",Alappuzha,43042,CSE
KSD,"LBS College of Engineering, Kasaragod.",Kasaragod,47024,EEE
KSD,"LBS College of Engineering, Kasaragod.",Kasaragod,40188,ME
KSD,"LBS College of Engineering, Kasaragod.",Kasaragod,37685,ECE
KSD,"LBS College of Engineering, Kasaragod.",Kasaragod,27812,IT
KSD,"LBS College of Engineering, Kasaragod.",Kasaragod,27251,CE
KSD,"LBS College of Engineering, Kasaragod.",Kasaragod,14700,CSE
LBT,"LBS Institute of Tech. for Women, Poojapura, TVPM",Thiruvananthapuram,30960,AEI
LBT,"LBS Institute of Tech. for Women, Poojapura, TVPM",Thiruvananthapuram,16686,IT
LBT,"LBS Institute of Tech. for Women, Poojapura, TVPM",Thiruvananthapuram,11005,CE
LBT,"LBS Institute of Tech. for Women, Poojapura, TVPM",Thiruvananthapuram,10167,ECE
LBT,"LBS Institute of Tech. for Women, Poojapura, TVPM",Thiruvananthapuram,7537,CSE
LMC,"Lourdes Matha College of Science and Technology,",Thiruvananthapuram,47460,CE
LMC,"Lourdes Matha College of Science and Technology,",Thiruvananthapuram,46965,CSE
LMC,"Lourdes Matha College of Science and Technology,",Thiruvananthapuram,43471,EEE
LMC,"Lourdes Matha College of Science and Technology,",Thiruvananthapuram,23376,ECE
LMC,"Lourdes Matha College of Science and Technology,",Thiruvananthapuram,0,ME
MAC,"M A College of Engineering, Kothamangalam.",Ernakulam,8309,ME
MAC,"M A College of Engineering, Kothamangalam.",Ernakulam,7046,CE
MAC,"M A College of Engineering, Kothamangalam.",Ernakulam,5849,EEE
MAC,"M A College of Engineering, Kothamangalam.",Ernakulam,3299,ECE
MAC,"M A College of Engineering, Kothamangalam.",Ernakulam,1062,CSE
DMC,"M Dasan Memmorial Co-op. Inst. of Engg. & Inf. Tech.,",Kozhikode,47434,CE
DMC,"M Dasan Memmorial Co-op. Inst. of Engg. & Inf. Tech.,",Kozhikode,47000,ME
DMC,"M Dasan Memmorial Co-op. Inst. of Engg. & Inf. Tech.,",Kozhikode,46473,EEE
DMC,"M Dasan Memmorial Co-op. Inst. of Engg. & Inf. Tech.,",Kozhikode,45393,ECE
DMC,"M Dasan Memmorial Co-op. Inst. of Engg. & Inf. Tech.,",Kozhikode,37947,CSE
MEA,"M E A Engineering College, Malappuram.",Malappuram,47134,ME
MEA,"M E A Engineering College, Malappuram.",Malappuram,46453,EEE
MEA,"M E A Engineering College, Malappuram.",Malappuram,46314,IT
MEA,"M E A Engineering College, Malappuram.",Malappuram,46053,CE
MEA,"M E A Engineering College, Malappuram.",Malappuram,29506,CSE
MEA,"M E A Engineering College, Malappuram.",Malappuram,26955,AIDS
MES,"M E S College of Engineering, Kuttippuram.",Malappuram,46703,ECE
MES,"M E S College of Engineering, Kuttippuram.",Malappuram,45464,EEE
MES,"M E S College of Engineering, Kuttippuram.",Malappuram,44347,ME
MES,"M E S College of Engineering, Kuttippuram.",Malappuram,34604,CE
MES,"M E S College of Engineering, Kuttippuram.",Malappuram,29201,IT
MES,"M E S College of Engineering, Kuttippuram.",Malappuram,24160,AIDS
MES,"M E S College of Engineering, Kuttippuram.",Malappuram,18180,CSE
MGC,"M G College of Engineering, Thiruvallom.",Thiruvananthapuram,47079,CSE
MGC,"M G College of Engineering, Thiruvallom.",Thiruvananthapuram,0,ECE
MGC,"M G College of Engineering, Thiruvallom.",Thiruvananthapuram,0,EEE
VPE,"Mahaguru Institute of Technology, Mavelikkara, Alappuzha",Alappuzha,47023,CSE
VPE,"Mahaguru Institute of Technology, Mavelikkara, Alappuzha",Alappuzha,39874,CE
VPE,"Mahaguru Institute of Technology, Mavelikkara, Alappuzha",Alappuzha,18745,EEE
VPE,"Mahaguru Institute of Technology, Mavelikkara, Alappuzha",Alappuzha,0,ECE
VPE,"Mahaguru Institute of Technology, Mavelikkara, Alappuzha",Alappuzha,0,ME
MEC,"Malabar College of Engineering & Tech., Wadakancherry.",Thrissur,40463,CSE
MEC,"Malabar College of Engineering & Tech., Wadakancherry.",Thrissur,0,AE
MEC,"Malabar College of Engineering & Tech., Wadakancherry.",Thrissur,0,CE
MEC,"Malabar College of Engineering & Tech., Wadakancherry.",Thrissur,0,ECE
MEC,"Malabar College of Engineering & Tech., Wadakancherry.",Thrissur,0,ME
MLT,"Malabar Institute of Technology, Anjarakandi.",Kannur,46933,CSE
MLT,"Malabar Institute of Technology, Anjarakandi.",Kannur,43596,CE
MLT,"Malabar Institute of Technology, Anjarakandi.",Kannur,41550,ECE
MLT,"Malabar Institute of Technology, Anjarakandi.",Kannur,0,EEE
MLT,"Malabar Institute of Technology, Anjarakandi.",Kannur,0,ME
MLM,"Mangalam College of Engineering, Ettumanoor.",Kottayam,45875,CE
MLM,"Mangalam College of Engineering, Ettumanoor.",Kottayam,45302,CHE
MLM,"Mangalam College of Engineering, Ettumanoor.",Kottayam,41105,CSE
MLM,"Mangalam College of Engineering, Ettumanoor.",Kottayam,40084,ECE
MLM,"Mangalam College of Engineering, Ettumanoor.",Kottayam,19619,ME
MLM,"Mangalam College of Engineering, Ettumanoor.",Kottayam,0,EEE
MBC,"Mar Baselios Christian College of Engg. & Tech., Peermede.",Idukki,45641,ECE
MBC,"Mar Baselios Christian College of Engg. & Tech., Peermede.",Idukki,40675,EEE
MBC,"Mar Baselios Christian College of Engg. & Tech., Peermede.",Idukki,39312,CE
MBC,"Mar Baselios Christian College of Engg. & Tech., Peermede.",Idukki,32426,CSE
MBC,"Mar Baselios Christian College of Engg. & Tech., Peermede.",Idukki,12785,ME
MBI,"Mar Baselios Institute of Technology & Science,",Ernakulam,47573,CE
MBI,"Mar Baselios Institute of Technology & Science,",Ernakulam,47259,ECE
MBI,"Mar Baselios Institute of Technology & Science,",Ernakulam,46029,EEE
MBI,"Mar Baselios Institute of Technology & Science,",Ernakulam,44422,ME
MBI,"Mar Baselios Institute of Technology & Science,",Ernakulam,25763,CSE
MBT,"Mar Baselious College of Engg. & Tech.,",Ernakulam,47483,ME
MBT,"Mar Baselious College of Engg. & Tech.,",Ernakulam,45427,EEE
MBT,"Mar Baselious College of Engg. & Tech.,",Ernakulam,38360,CE
MBT,"Mar Baselious College of Engg. & Tech.,",Ernakulam,22535,ECE
MBT,"Mar Baselious College of Engg. & Tech.,",Ernakulam,8656,CSE
MCE,"Marian Engineering College, Kazhakuttom.",Thiruvananthapuram,47455,CE
MCE,"Marian Engineering College, Kazhakuttom.",Thiruvananthapuram,47204,ECE
MCE,"Marian Engineering College, Kazhakuttom.",Thiruvananthapuram,45949,ME
MCE,"Marian Engineering College, Kazhakuttom.",Thiruvananthapuram,45532,EEE
MCE,"Marian Engineering College, Kazhakuttom.",Thiruvananthapuram,22547,CSE
MEE,"MES College of Engineering & Technology, .Ernakulam.",Ernakulam,44512,CSE
MEE,"MES College of Engineering & Technology, .Ernakulam.",Ernakulam,44243,ECE
MEE,"MES College of Engineering & Technology, .Ernakulam.",Ernakulam,41143,CE
MEE,"MES College of Engineering & Technology, .Ernakulam.",Ernakulam,37329,ME
MEK,"MES Institute of Tech. & Management, Chathannoor.",Kollam,47213,CSE
MEK,"MES Institute of Tech. & Management, Chathannoor.",Kollam,47101,EEE
MEK,"MES Institute of Tech. & Management, Chathannoor.",Kollam,46600,CE
MEK,"MES Institute of Tech. & Management, Chathannoor.",Kollam,45922,ECE
MEK,"MES Institute of Tech. & Management, Chathannoor.",Kollam,42612,ME
MET,"Met's School of Engineering, Mala.",Thrissur,42783,CSE
MET,"Met's School of Engineering, Mala.",Thrissur,23349,ME
MET,"Met's School of Engineering, Mala.",Thrissur,0,CE
MGE,"MGM College of Engineering & Technology, Ernakulam",Ernakulam,47235,CSE
MGE,"MGM College of Engineering & Technology, Ernakulam",Ernakulam,33919,EEE
MGE,"MGM College of Engineering & Technology, Ernakulam",Ernakulam,0,CE
MGE,"MGM College of Engineering & Technology, Ernakulam",Ernakulam,0,ECE
MGE,"MGM College of Engineering & Technology, Ernakulam",Ernakulam,0,ME
CCV,"MGM College of Engineering and Pharmaceutical Sciences,",Malappuram,47276,CE
CCV,"MGM College of Engineering and Pharmaceutical Sciences,",Malappuram,45238,CSE
CCV,"MGM College of Engineering and Pharmaceutical Sciences,",Malappuram,37197,CHE
CCV,"MGM College of Engineering and Pharmaceutical Sciences,",Malappuram,0,ECE
CCV,"MGM College of Engineering and Pharmaceutical Sciences,",Malappuram,0,EEE
CCV,"MGM College of Engineering and Pharmaceutical Sciences,",Malappuram,0,ME
MDL,"Model Engineering College, Thrikkakkara.",Ernakulam,8701,ME
MDL,"Model Engineering College, Thrikkakkara.",Ernakulam,4883,EEE
MDL,"Model Engineering College, Thrikkakkara.",Ernakulam,2328,ECE
MDL,"Model Engineering College, Thrikkakkara.",Ernakulam,688,CSE
MCT,"Mohandas College of Engg. & Tech., Nedumangad, TVM",Thiruvananthapuram,46935,CE
MCT,"Mohandas College of Engg. & Tech., Nedumangad, TVM",Thiruvananthapuram,43840,EEE
MCT,"Mohandas College of Engg. & Tech., Nedumangad, TVM",Thiruvananthapuram,40296,ECE
MCT,"Mohandas College of Engg. & Tech., Nedumangad, TVM",Thiruvananthapuram,35954,ME
MCT,"Mohandas College of Engg. & Tech., Nedumangad, TVM",Thiruvananthapuram,35140,CSE
MZC,"Mount Zion College of Engg., Pathanamthitta.",Pathanamthitta,43837,CSE
MZC,"Mount Zion College of Engg., Pathanamthitta.",Pathanamthitta,0,AEI
MZC,"Mount Zion College of Engg., Pathanamthitta.",Pathanamthitta,0,CE
MZC,"Mount Zion College of Engg., Pathanamthitta.",Pathanamthitta,0,ECE
MZC,"Mount Zion College of Engg., Pathanamthitta.",Pathanamthitta,0,ME
MZW,"Mount Zion Institute of Science & Tehnology, Chengannur",Alappuzha,46451,CE
MZW,"Mount Zion Institute of Science & Tehnology, Chengannur",Alappuzha,45151,CSE
MZW,"Mount Zion Institute of Science & Tehnology, Chengannur",Alappuzha,0,ME
MCK,"Musaliar College of Engineering & Tech., Pathanamthitta.",Pathanamthitta,47558,CSE
MCK,"Musaliar College of Engineering & Tech., Pathanamthitta.",Pathanamthitta,47031,CE
MCK,"Musaliar College of Engineering & Tech., Pathanamthitta.",Pathanamthitta,44774,ME
MCK,"Musaliar College of Engineering & Tech., Pathanamthitta.",Pathanamthitta,43229,EEE
MCK,"Musaliar College of Engineering & Tech., Pathanamthitta.",Pathanamthitta,42320,ECE
MCC,"Musaliar College of Engineering, Chirayinkeezh.",Thiruvananthapuram,46701,CSE
MCC,"Musaliar College of Engineering, Chirayinkeezh.",Thiruvananthapuram,27813,CE
MCC,"Musaliar College of Engineering, Chirayinkeezh.",Thiruvananthapuram,0,ECE
MCC,"Musaliar College of Engineering, Chirayinkeezh.",Thiruvananthapuram,0,ME
MUS,"Muslim Association College of Engineering, Venjaramoodu.",Thiruvananthapuram,45817,ME
MUS,"Muslim Association College of Engineering, Venjaramoodu.",Thiruvananthapuram,43061,CSE
MUS,"Muslim Association College of Engineering, Venjaramoodu.",Thiruvananthapuram,0,CE
MUS,"Muslim Association College of Engineering, Venjaramoodu.",Thiruvananthapuram,0,ECE
MUS,"Muslim Association College of Engineering, Venjaramoodu.",Thiruvananthapuram,0,EEE
MUT,"Muthoot Institute of Tech. & Science, Puthencurz,",Ernakulam,31654,ME
MUT,"Muthoot Institute of Tech. & Science, Puthencurz,",Ernakulam,26876,CE
MUT,"Muthoot Institute of Tech. & Science, Puthencurz,",Ernakulam,19521,EEE
MUT,"Muthoot Institute of Tech. & Science, Puthencurz,",Ernakulam,15097,AIDS
MUT,"Muthoot Institute of Tech. & Science, Puthencurz,",Ernakulam,11278,ECE
MUT,"Muthoot Institute of Tech. & Science, Puthencurz,",Ernakulam,5274,CSE
NSS,"N S S College of Engineering, Palakkad.",Palakkad,8684,ME
NSS,"N S S College of Engineering, Palakkad.",Palakkad,7034,CE
NSS,"N S S College of Engineering, Palakkad.",Palakkad,6576,EEE
NSS,"N S S College of Engineering, Palakkad.",Palakkad,4490,ECE
NSS,"N S S College of Engineering, Palakkad.",Palakkad,1632,CSE
NCE,"Nehru College of Engg. & Research Centre, Thiruvillwamala.",Thrissur,46979,CSE
NCE,"Nehru College of Engg. & Research Centre, Thiruvillwamala.",Thrissur,46781,ME
NCE,"Nehru College of Engg. & Research Centre, Thiruvillwamala.",Thrissur,45317,ECE
NCE,"Nehru College of Engg. & Research Centre, Thiruvillwamala.",Thrissur,0,EEE
NIE,"Nirmala College of Engineering, Chalakudy.",Thrissur,45502,CSE
NIE,"Nirmala College of Engineering, Chalakudy.",Thrissur,44561,CE
NIE,"Nirmala College of Engineering, Chalakudy.",Thrissur,0,ME
PAA,"P A Aziz College of Engineering, Karakulam,",Thiruvananthapuram,47085,CSE
PAA,"P A Aziz College of Engineering, Karakulam,",Thiruvananthapuram,46961,ECE
PAA,"P A Aziz College of Engineering, Karakulam,",Thiruvananthapuram,43071,AEI
PAA,"P A Aziz College of Engineering, Karakulam,",Thiruvananthapuram,0,CE
PAA,"P A Aziz College of Engineering, Karakulam,",Thiruvananthapuram,0,EEE
PAA,"P A Aziz College of Engineering, Karakulam,",Thiruvananthapuram,0,ME
PRC,"Providence College of Engineering, Chengannur.",Alappuzha,47446,ME
PRC,"Providence College of Engineering, Chengannur.",Alappuzha,47288,ECE
PRC,"Providence College of Engineering, Chengannur.",Alappuzha,45555,CE
PRC,"Providence College of Engineering, Chengannur.",Alappuzha,44152,EEE
PRC,"Providence College of Engineering, Chengannur.",Alappuzha,34328,CSE
PRS,"PRS College of Engineering & Tech., Neyyattinkara.",Thiruvananthapuram,46766,CSE
PRS,"PRS College of Engineering & Tech., Neyyattinkara.",Thiruvananthapuram,20387,CE
PRS,"PRS College of Engineering & Tech., Neyyattinkara.",Thiruvananthapuram,0,ME
RIE,"Rajadhani Institute of Engineering & Tech., Attingal.",Thiruvananthapuram,47360,CE
RIE,"Rajadhani Institute of Engineering & Tech., Attingal.",Thiruvananthapuram,47111,ECE
RIE,"Rajadhani Institute of Engineering & Tech., Attingal.",Thiruvananthapuram,43520,ME
RIE,"Rajadhani Institute of Engineering & Tech., Attingal.",Thiruvananthapuram,43335,EEE
RIE,"Rajadhani Institute of Engineering & Tech., Attingal.",Thiruvananthapuram,36173,CSE
AME,"Rajadhani Institute of Science and Technology, Palakkad",Palakkad,45709,CSE
AME,"Rajadhani Institute of Science and Technology, Palakkad",Palakkad,42293,ECE
AME,"Rajadhani Institute of Science and Technology, Palakkad",Palakkad,37269,CE
AME,"Rajadhani Institute of Science and Technology, Palakkad",Palakkad,21005,EEE
AME,"Rajadhani Institute of Science and Technology, Palakkad",Palakkad,0,ME
RET,"Rajagiri School of Engineering and Technology, Kochi.",Ernakulam,33795,AEI
RET,"Rajagiri School of Engineering and Technology, Kochi.",Ernakulam,25377,ME
RET,"Rajagiri School of Engineering and Technology, Kochi.",Ernakulam,16456,EEE
RET,"Rajagiri School of Engineering and Technology, Kochi.",Ernakulam,13234,CE
RET,"Rajagiri School of Engineering and Technology, Kochi.",Ernakulam,9822,ECE
RET,"Rajagiri School of Engineering and Technology, Kochi.",Ernakulam,9436,IT
RET,"Rajagiri School of Engineering and Technology, Kochi.",Ernakulam,6201,AIDS
RET,"Rajagiri School of Engineering and Technology, Kochi.",Ernakulam,2999,CSE
RCE,"Royal College of Engineering & Technology, Thrissur.",Thrissur,46675,CSE
RCE,"Royal College of Engineering & Technology, Thrissur.",Thrissur,44284,AIDS
RCE,"Royal College of Engineering & Technology, Thrissur.",Thrissur,43866,CE
RCE,"Royal College of Engineering & Technology, Thrissur.",Thrissur,0,ME
SCT,"S C T College of Engineering, Pappanamcode, TVPM",Thiruvananthapuram,17804,AE
SCT,"S C T College of Engineering, Pappanamcode, TVPM",Thiruvananthapuram,11466,ME
SCT,"S C T College of Engineering, Pappanamcode, TVPM",Thiruvananthapuram,6414,ECE
SCT,"S C T College of Engineering, Pappanamcode, TVPM",Thiruvananthapuram,2373,CSE
SGT,"Sadguru Swamy Nithyananda Insti. of Tech., Karsaragod",Karsaragod,47379,CSE
SGT,"Sadguru Swamy Nithyananda Insti. of Tech., Karsaragod",Karsaragod,0,CE
SGT,"Sadguru Swamy Nithyananda Insti. of Tech., Karsaragod",Karsaragod,0,ME
SHR,"Sahrdaya College of Engineering and Technology, Kodakara.",Thrissur,47391,EEE
SHR,"Sahrdaya College of Engineering and Technology, Kodakara.",Thrissur,46440,CE
SHR,"Sahrdaya College of Engineering and Technology, Kodakara.",Thrissur,43752,ECE
SHR,"Sahrdaya College of Engineering and Technology, Kodakara.",Thrissur,15904,CSE
MGP,"Saintgits College of Engineering, Kottayam",Kottayam,46470,CE
MGP,"Saintgits College of Engineering, Kottayam",Kottayam,46277,ME
MGP,"Saintgits College of Engineering, Kottayam",Kottayam,45742,EEE
MGP,"Saintgits College of Engineering, Kottayam",Kottayam,34073,CHE
MGP,"Saintgits College of Engineering, Kottayam",Kottayam,23898,ECE
MGP,"Saintgits College of Engineering, Kottayam",Kottayam,10639,CSE
SIT,"Sarabhai Institute of Science & Technology, Vellanad.",Thiruvananthapuram,47126,CSE
SIT,"Sarabhai Institute of Science & Technology, Vellanad.",Thiruvananthapuram,45470,ME
SIT,"Sarabhai Institute of Science & Technology, Vellanad.",Thiruvananthapuram,43633,EEE
SIT,"Sarabhai Institute of Science & Technology, Vellanad.",Thiruvananthapuram,42059,ECE
SIT,"Sarabhai Institute of Science & Technology, Vellanad.",Thiruvananthapuram,38292,CE
SCM,"SCMS School of Engg. & Tech., Ernakulam",Ernakulam,47437,ME
SCM,"SCMS School of Engg. & Tech., Ernakulam",Ernakulam,47334,AE
SCM,"SCMS School of Engg. & Tech., Ernakulam",Ernakulam,46713,CE
SCM,"SCMS School of Engg. & Tech., Ernakulam",Ernakulam,37760,EEE
SCM,"SCMS School of Engg. & Tech., Ernakulam",Ernakulam,37290,ECE
SCM,"SCMS School of Engg. & Tech., Ernakulam",Ernakulam,11670,CSE
SHM,"Shahul Hameed Memorial Engineering College, Kadakkal,",Kollam,0,CE
SHM,"Shahul Hameed Memorial Engineering College, Kadakkal,",Kollam,0,CSE
SHM,"Shahul Hameed Memorial Engineering College, Kadakkal,",Kollam,0,ECE
SHM,"Shahul Hameed Memorial Engineering College, Kadakkal,",Kollam,0,EEE
SHM,"Shahul Hameed Memorial Engineering College, Kadakkal,",Kollam,0,ME
SBW,"Sree Buddha College of Engineering, Elavumthitta,",Pathanamthitta,47603,ME
SBW,"Sree Buddha College of Engineering, Elavumthitta,",Pathanamthitta,46664,CSE
SBW,"Sree Buddha College of Engineering, Elavumthitta,",Pathanamthitta,39116,CE
SBW,"Sree Buddha College of Engineering, Elavumthitta,",Pathanamthitta,0,ECE
SBW,"Sree Buddha College of Engineering, Elavumthitta,",Pathanamthitta,0,EEE
SBC,"Sree Buddha College of Engineering, Nooranadu.",Alappuzha,47574,EEE
SBC,"Sree Buddha College of Engineering, Nooranadu.",Alappuzha,46839,CE
SBC,"Sree Buddha College of Engineering, Nooranadu.",Alappuzha,46339,ME
SBC,"Sree Buddha College of Engineering, Nooranadu.",Alappuzha,40599,ECE
SBC,"Sree Buddha College of Engineering, Nooranadu.",Alappuzha,24365,CSE
SNC,"Sree Narayana Guru College of Engg & Technology,",Ernakulam,47468,CE
SNC,"Sree Narayana Guru College of Engg & Technology,",Ernakulam,47239,ME
SNC,"Sree Narayana Guru College of Engg & Technology,",Ernakulam,46019,EEE
SNC,"Sree Narayana Guru College of Engg & Technology,",Ernakulam,34366,CSE
SNC,"Sree Narayana Guru College of Engg & Technology,",Ernakulam,0,ECE
SNT,"Sree Narayana Guru Institute of Science & Tech., N.",Ernakulam,47264,CSE
SNT,"Sree Narayana Guru Institute of Science & Tech., N.",Ernakulam,43777,ME
SNT,"Sree Narayana Guru Institute of Science & Tech., N.",Ernakulam,38262,EEE
SNT,"Sree Narayana Guru Institute of Science & Tech., N.",Ernakulam,0,CE
SNG,"Sree Narayana Gurukulam College of Engineering,",Ernakulam,46909,CE
SNG,"Sree Narayana Gurukulam College of Engineering,",Ernakulam,45813,ECE
SNG,"Sree Narayana Gurukulam College of Engineering,",Ernakulam,45248,EEE
SNG,"Sree Narayana Gurukulam College of Engineering,",Ernakulam,43963,ME
SNG,"Sree Narayana Gurukulam College of Engineering,",Ernakulam,39922,CSE
SNP,"Sree Narayana Institute of Technology, Adoor",Pathanamthitta,47355,CE
SNP,"Sree Narayana Institute of Technology, Adoor",Pathanamthitta,46780,AE
SNP,"Sree Narayana Institute of Technology, Adoor",Pathanamthitta,0,ECE
SNP,"Sree Narayana Institute of Technology, Adoor",Pathanamthitta,0,EEE
SNP,"Sree Narayana Institute of Technology, Adoor",Pathanamthitta,0,ME
SNM,"Sree Narayana Mangalam Inst. of Mgmt. & Tech.,",Ernakulam,47359,CSE
SNM,"Sree Narayana Mangalam Inst. of Mgmt. & Tech.,",Ernakulam,47049,ECE
SNM,"Sree Narayana Mangalam Inst. of Mgmt. & Tech.,",Ernakulam,45554,CE
SNM,"Sree Narayana Mangalam Inst. of Mgmt. & Tech.,",Ernakulam,41068,ME
SNM,"Sree Narayana Mangalam Inst. of Mgmt. & Tech.,",Ernakulam,0,EEE
SPT,"Sreepathy Institute of Management & Tech., Koottanad.",Palakkad,46913,CSE
SPT,"Sreepathy Institute of Management & Tech., Koottanad.",Palakkad,42605,ME
SPT,"Sreepathy Institute of Management & Tech., Koottanad.",Palakkad,42256,ECE
SPT,"Sreepathy Institute of Management & Tech., Koottanad.",Palakkad,42094,EEE
SPT,"Sreepathy Institute of Management & Tech., Koottanad.",Palakkad,34720,CE
SJC,"St. Josephs College of Engineering and Technology,Palai.",Kottayam,46820,ME
SJC,"St. Josephs College of Engineering and Technology,Palai.",Kottayam,43668,EEE
SJC,"St. Josephs College of Engineering and Technology,Palai.",Kottayam,37410,CE
SJC,"St. Josephs College of Engineering and Technology,Palai.",Kottayam,23764,AIDS
SJC,"St. Josephs College of Engineering and Technology,Palai.",Kottayam,21967,ECE
SJC,"St. Josephs College of Engineering and Technology,Palai.",Kottayam,13628,CSE
STC,"St. Thomas College of Engg. & Technology, Chengannur.",Alappuzha,42802,CSE
STC,"St. Thomas College of Engg. & Technology, Chengannur.",Alappuzha,0,CE
STC,"St. Thomas College of Engg. & Technology, Chengannur.",Alappuzha,0,ECE
STC,"St. Thomas College of Engg. & Technology, Chengannur.",Alappuzha,0,EEE
STC,"St. Thomas College of Engg. & Technology, Chengannur.",Alappuzha,0,ME
STM,"St. Thomas College of Engineering & Technology,  Kannur.",Kannur,47533,CE
STM,"St. Thomas College of Engineering & Technology,  Kannur.",Kannur,44323,ME
STM,"St. Thomas College of Engineering & Technology,  Kannur.",Kannur,44074,ECE
STM,"St. Thomas College of Engineering & Technology,  Kannur.",Kannur,39502,CSE
STI,"St. Thomas Institute of Science & Technology, Kattaikonam.",Thiruvananthapuram,47502,EEE
STI,"St. Thomas Institute of Science & Technology, Kattaikonam.",Thiruvananthapuram,46727,CSE
STI,"St. Thomas Institute of Science & Technology, Kattaikonam.",Thiruvananthapuram,45034,ME
STI,"St. Thomas Institute of Science & Technology, Kattaikonam.",Thiruvananthapuram,44799,CE
STI,"St. Thomas Institute of Science & Technology, Kattaikonam.",Thiruvananthapuram,43601,ECE
TKM,"T K M College of Engineering, Kollam.",Kollam,5288,ME
TKM,"T K M College of Engineering, Kollam.",Kollam,4309,CHE
TKM,"T K M College of Engineering, Kollam.",Kollam,4182,CE
TKM,"T K M College of Engineering, Kollam.",Kollam,3221,EEE
TKM,"T K M College of Engineering, Kollam.",Kollam,1557,ECE
TKM,"T K M College of Engineering, Kollam.",Kollam,701,CSE
TKI,"T K M Institute of Technology, Ezhukone, Kollam.",Kollam,47557,ME
TKI,"T K M Institute of Technology, Ezhukone, Kollam.",Kollam,45965,EEE
TKI,"T K M Institute of Technology, Ezhukone, Kollam.",Kollam,41577,CE
TKI,"T K M Institute of Technology, Ezhukone, Kollam.",Kollam,21852,CSE
TJE,"Thejus Engineering College, Erumapetti, Thrissur.",Thrissur,46023,CE
TJE,"Thejus Engineering College, Erumapetti, Thrissur.",Thrissur,45245,CSE
TJE,"Thejus Engineering College, Erumapetti, Thrissur.",Thrissur,21079,ME
TJE,"Thejus Engineering College, Erumapetti, Thrissur.",Thrissur,0,EEE
TOC,"Toc H Institute of Science & Tech., Ernakulam",Ernakulam,45521,EEE
TOC,"Toc H Institute of Science & Tech., Ernakulam",Ernakulam,33476,CE
TOC,"Toc H Institute of Science & Tech., Ernakulam",Ernakulam,32831,IT
TOC,"Toc H Institute of Science & Tech., Ernakulam",Ernakulam,30650,ECE
TOC,"Toc H Institute of Science & Tech., Ernakulam",Ernakulam,18044,CSE
TOC,"Toc H Institute of Science & Tech., Ernakulam",Ernakulam,14717,ME
TCE,"Toms College of Engineering, Mattakara, Kottayam",Kottayam,45657,CSE
TCE,"Toms College of Engineering, Mattakara, Kottayam",Kottayam,45611,CHE
TCE,"Toms College of Engineering, Mattakara, Kottayam",Kottayam,0,CE
TCE,"Toms College of Engineering, Mattakara, Kottayam",Kottayam,0,ME
TEC,"Travancore Engineering College, Oyoor, Kollam.",Kollam,46330,ME
TEC,"Travancore Engineering College, Oyoor, Kollam.",Kollam,44718,CSE
TEC,"Travancore Engineering College, Oyoor, Kollam.",Kollam,40211,EEE
TEC,"Travancore Engineering College, Oyoor, Kollam.",Kollam,0,CE
TCT,"Trinity College of Engg, Neruvamoodu,",Thiruvananthapuram,45969,EEE
TCT,"Trinity College of Engg, Neruvamoodu,",Thiruvananthapuram,44618,CE
TCT,"Trinity College of Engg, Neruvamoodu,",Thiruvananthapuram,43874,ME
TCT,"Trinity College of Engg, Neruvamoodu,",Thiruvananthapuram,0,ECE
UKP,"UKF College of Engineering & Tech., Parippally.",Kollam,47307,CSE
UKP,"UKF College of Engineering & Tech., Parippally.",Kollam,46805,CE
UKP,"UKF College of Engineering & Tech., Parippally.",Kollam,46609,EEE
UKP,"UKF College of Engineering & Tech., Parippally.",Kollam,45537,ECE
UKP,"UKF College of Engineering & Tech., Parippally.",Kollam,44907,ME
UNT,"Universal Engineering College, Vallivattom, Thrissur.",Thrissur,46978,ECE
UNT,"Universal Engineering College, Vallivattom, Thrissur.",Thrissur,46471,EEE
UNT,"Universal Engineering College, Vallivattom, Thrissur.",Thrissur,44821,CE
UNT,"Universal Engineering College, Vallivattom, Thrissur.",Thrissur,40555,CSE
UNT,"Universal Engineering College, Vallivattom, Thrissur.",Thrissur,0,ME
UCK,"University College of Engineering, Kariavattom.",Thiruvananthapuram,22795,IT
UCK,"University College of Engineering, Kariavattom.",Thiruvananthapuram,15739,ECE
UCK,"University College of Engineering, Kariavattom.",Thiruvananthapuram,9774,CSE
UCE,"University College of Engineering,Thodupuzha.",Thiruvananthapuram,47287,EEE
UCE,"University College of Engineering,Thodupuzha.",Thiruvananthapuram,47220,ECE
UCE,"University College of Engineering,Thodupuzha.",Thiruvananthapuram,22156,CSE
VKE,"Valia Koonambaikulathamma College of Engg. & tech.,",Thiruvananthapuram,47058,CE
VKE,"Valia Koonambaikulathamma College of Engg. & tech.,",Thiruvananthapuram,47057,ECE
VKE,"Valia Koonambaikulathamma College of Engg. & tech.,",Thiruvananthapuram,46140,CSE
VKE,"Valia Koonambaikulathamma College of Engg. & tech.,",Thiruvananthapuram,40324,ME
VKE,"Valia Koonambaikulathamma College of Engg. & tech.,",Thiruvananthapuram,23767,EEE
VVT,"Veda Vyasa Institute of Technology, Ponnempadam,",Malappuram,44770,CSE
VVT,"Veda Vyasa Institute of Technology, Ponnempadam,",Malappuram,0,CE
VVT,"Veda Vyasa Institute of Technology, Ponnempadam,",Malappuram,0,ECE
VVT,"Veda Vyasa Institute of Technology, Ponnempadam,",Malappuram,0,EEE
VVT,"Veda Vyasa Institute of Technology, Ponnempadam,",Malappuram,0,ME
VAK,"Vidya Academy of Science & Technology, Kilimanoor.",Thiruvananthapuram,47515,ECE
VAK,"Vidya Academy of Science & Technology, Kilimanoor.",Thiruvananthapuram,47253,ME
VAK,"Vidya Academy of Science & Technology, Kilimanoor.",Thiruvananthapuram,46972,CE
VAK,"Vidya Academy of Science & Technology, Kilimanoor.",Thiruvananthapuram,43892,EEE
VAK,"Vidya Academy of Science & Technology, Kilimanoor.",Thiruvananthapuram,34562,CSE
VAS,"Vidya Academy of Science & Technology, Thrissur.",Thrissur,47006,ME
VAS,"Vidya Academy of Science & Technology, Thrissur.",Thrissur,45581,EEE
VAS,"Vidya Academy of Science & Technology, Thrissur.",Thrissur,43616,CE
VAS,"Vidya Academy of Science & Technology, Thrissur.",Thrissur,41824,ECE
VAS,"Vidya Academy of Science & Technology, Thrissur.",Thrissur,17914,CSE
VML,"Vimal Jyothi Engineering College, Chemperi.",Kannur,47422,ME
VML,"Vimal Jyothi Engineering College, Chemperi.",Kannur,46968,CE
VML,"Vimal Jyothi Engineering College, Chemperi.",Kannur,46530,ECE
VML,"Vimal Jyothi Engineering College, Chemperi.",Kannur,45759,EEE
VML,"Vimal Jyothi Engineering College, Chemperi.",Kannur,42473,AEI
VML,"Vimal Jyothi Engineering College, Chemperi.",Kannur,38168,AIDS
VML,"Vimal Jyothi Engineering College, Chemperi.",Kannur,25359,CSE
VIT,"VISAT Engineering College, Piravam, EKM.",Ernakulam,47260,CSE
VIT,"VISAT Engineering College, Piravam, EKM.",Ernakulam,46175,EEE
VIT,"VISAT Engineering College, Piravam, EKM.",Ernakulam,43713,CE
VIT,"VISAT Engineering College, Piravam, EKM.",Ernakulam,42063,ECE
VIT,"VISAT Engineering College, Piravam, EKM.",Ernakulam,39770,ME
VJC,"Viswajyothi College of Engg. & Technology,Vazhakulam.",Ernakulam,47043,ME
VJC,"Viswajyothi College of Engg. & Technology,Vazhakulam.",Ernakulam,46759,CE
VJC,"Viswajyothi College of Engg. & Technology,Vazhakulam.",Ernakulam,46533,EEE
VJC,"Viswajyothi College of Engg. & Technology,Vazhakulam.",Ernakulam,38176,ECE
VJC,"Viswajyothi College of Engg. & Technology,Vazhakulam.",Ernakulam,35382,IT
VJC,"Viswajyothi College of Engg. & Technology,Vazhakulam.",Ernakulam,28192,AIDS
VJC,"Viswajyothi College of Engg. & Technology,Vazhakulam.",Ernakulam,13888,CSE
YCE,"Younus College of Engg. & Technology, Vadakkevila, Kollam",Kollam,47403,CE
YCE,"Younus College of Engg. & Technology, Vadakkevila, Kollam",Kollam,47223,CSE
YCE,"Younus College of Engg. & Technology, Vadakkevila, Kollam",Kollam,45824,ECE
YCE,"Younus College of Engg. & Technology, Vadakkevila, Kollam",Kollam,43942,ME
YCE,"Younus College of Engg. & Technology, Vadakkevila, Kollam",Kollam,43717,EEE
