MHP,"Ace College of Engineering, .Thiruvallam.",Pathanamthitta,CE,999,yes,PRIVATE
MHP,"Ace College of Engineering, .Thiruvallam.",Pathanamthitta,ECE,999,yes,PRIVATE
MHP,"Ace College of Engineering, .Thiruvallam.",Pathanamthitta,EEE,999,yes,PRIVATE
MHP,"Ace College of Engineering, .Thiruvallam.",Pathanamthitta,ME,999,yes,PRIVATE
ASI,"Adi Sankara Institute of Engg. & Tech., Kalady, Ernakulam.",Ernakulam,AEI,999,yes,PRIVATE
ASI,"Adi Sankara Institute of Engg. & Tech., Kalady, Ernakulam.",Ernakulam,CE,999,yes,PRIVATE
ASI,"Adi Sankara Institute of Engg. & Tech., Kalady, Ernakulam.",Ernakulam,CSE,999,yes,PRIVATE
ASI,"Adi Sankara Institute of Engg. & Tech., Kalady, Ernakulam.",Ernakulam,ECE,999,yes,PRIVATE
ASI,"Adi Sankara Institute of Engg. & Tech., Kalady, Ernakulam.",Ernakulam,EEE,999,yes,PRIVATE
ASI,"Adi Sankara Institute of Engg. & Tech., Kalady, Ernakulam.",Ernakulam,ME,999,yes,PRIVATE
ATP,"Ahalia School of Engineering & Technology, Pudussery,",Palakkad,CE,999,yes,PRIVATE
ATP,"Ahalia School of Engineering & Technology, Pudussery,",Palakkad,CSE,999,yes,PRIVATE
ATP,"Ahalia School of Engineering & Technology, Pudussery,",Palakkad,ECE,999,yes,PRIVATE
ATP,"Ahalia School of Engineering & Technology, Pudussery,",Palakkad,EEE,999,yes,PRIVATE
ATP,"Ahalia School of Engineering & Technology, Pudussery,",Palakkad,ME,999,yes,PRIVATE
AAP,"Al-Ameen College of Engineering, Pattambi.",Palakkad,CE,999,yes,PRIVATE
AAP,"Al-Ameen College of Engineering, Pattambi.",Palakkad,ECE,999,yes,PRIVATE
AAP,"Al-Ameen College of Engineering, Pattambi.",Palakkad,EEE,999,yes,PRIVATE
AAP,"Al-Ameen College of Engineering, Pattambi.",Palakkad,ME,999,yes,PRIVATE
AAE,"Al-Azhar College of Engineering & Technology, Thodupuzha.",Idukki,AEI,999,yes,PRIVATE
AAE,"Al-Azhar College of Engineering & Technology, Thodupuzha.",Idukki,CE,999,yes,PRIVATE
AAE,"Al-Azhar College of Engineering & Technology, Thodupuzha.",Idukki,CSE,999,yes,PRIVATE
AAE,"Al-Azhar College of Engineering & Technology, Thodupuzha.",Idukki,ECE,999,yes,PRIVATE
AAE,"Al-Azhar College of Engineering & Technology, Thodupuzha.",Idukki,ME,999,yes,PRIVATE
AIK,"Albertian Institute of Science and Technology, Kalamassery.",Ernakulam,CE,999,yes,PRIVATE
AIK,"Albertian Institute of Science and Technology, Kalamassery.",Ernakulam,CSE,999,yes,PRIVATE
AIK,"Albertian Institute of Science and Technology, Kalamassery.",Ernakulam,ECE,999,yes,PRIVATE
AIK,"Albertian Institute of Science and Technology, Kalamassery.",Ernakulam,EEE,999,yes,PRIVATE
AIK,"Albertian Institute of Science and Technology, Kalamassery.",Ernakulam,ME,999,yes,PRIVATE
AJC,"Amal Jyothi College of Engineering, Koovapally, Kanjirapally",Kottayam,CE,999,yes,PRIVATE
AJC,"Amal Jyothi College of Engineering, Koovapally, Kanjirapally",Kottayam,CHE,999,yes,PRIVATE
AJC,"Amal Jyothi College of Engineering, Koovapally, Kanjirapally",Kottayam,CSE,999,yes,PRIVATE
AJC,"Amal Jyothi College of Engineering, Koovapally, Kanjirapally",Kottayam,ECE,999,yes,PRIVATE
AJC,"Amal Jyothi College of Engineering, Koovapally, Kanjirapally",Kottayam,EEE,999,yes,PRIVATE
AJC,"Amal Jyothi College of Engineering, Koovapally, Kanjirapally",Kottayam,IT,999,yes,PRIVATE
AJC,"Amal Jyothi College of Engineering, Koovapally, Kanjirapally",Kottayam,ME,999,yes,PRIVATE
AWH,"AWH Engineering College, Kozhikkode",Kozhikode,CE,999,yes,PRIVATE
AWH,"AWH Engineering College, Kozhikkode",Kozhikode,CSE,999,yes,PRIVATE
AWH,"AWH Engineering College, Kozhikkode",Kozhikode,ECE,999,yes,PRIVATE
AWH,"AWH Engineering College, Kozhikkode",Kozhikode,EEE,999,yes,PRIVATE
AWH,"AWH Engineering College, Kozhikkode",Kozhikode,ME,999,yes,PRIVATE
AXE,"Axis College of Engineering & Technology, Murikkingal,",Thrissur,CE,999,yes,PRIVATE
AXE,"Axis College of Engineering & Technology, Murikkingal,",Thrissur,CSE,999,yes,PRIVATE
AXE,"Axis College of Engineering & Technology, Murikkingal,",Thrissur,ECE,999,yes,PRIVATE
AXE,"Axis College of Engineering & Technology, Murikkingal,",Thrissur,EEE,999,yes,PRIVATE
AXE,"Axis College of Engineering & Technology, Murikkingal,",Thrissur,ME,999,yes,PRIVATE
BMC,"Baselios Mathew II College of Engg., Sasthamcotta, Kollam.",Kollam,AEI,999,yes,PRIVATE
BMC,"Baselios Mathew II College of Engg., Sasthamcotta, Kollam.",Kollam,CE,999,yes,PRIVATE
BMC,"Baselios Mathew II College of Engg., Sasthamcotta, Kollam.",Kollam,CSE,999,yes,PRIVATE
BMC,"Baselios Mathew II College of Engg., Sasthamcotta, Kollam.",Kollam,ECE,999,yes,PRIVATE
BMC,"Baselios Mathew II College of Engg., Sasthamcotta, Kollam.",Kollam,EEE,999,yes,PRIVATE
BMC,"Baselios Mathew II College of Engg., Sasthamcotta, Kollam.",Kollam,EEE,999,yes,PRIVATE
BMC,"Baselios Mathew II College of Engg., Sasthamcotta, Kollam.",Kollam,ME,999,yes,PRIVATE
BJK,"Bishop Jerome Institute, Kollam.",Kollam,CE,999,yes,PRIVATE
BJK,"Bishop Jerome Institute, Kollam.",Kollam,ECE,999,yes,PRIVATE
BJK,"Bishop Jerome Institute, Kollam.",Kollam,EEE,999,yes,PRIVATE
BJK,"Bishop Jerome Institute, Kollam.",Kollam,ME,999,yes,PRIVATE
UCC,"Calicut Unity. Institute of Engineering & Tech., Tenhipalam.",Malappuram,ECE,999,yes,PRIVATE
UCC,"Calicut Unity. Institute of Engineering & Tech., Tenhipalam.",Malappuram,EEE,999,yes,PRIVATE
UCC,"Calicut Unity. Institute of Engineering & Tech., Tenhipalam.",Malappuram,IT,999,yes,PRIVATE
UCC,"Calicut Unity. Institute of Engineering & Tech., Tenhipalam.",Malappuram,ME,999,yes,PRIVATE
CMA,"Carmel College of Engg. & Technology, Punnapra,",Alappuzha,CE,999,yes,PRIVATE
CMA,"Carmel College of Engg. & Technology, Punnapra,",Alappuzha,CSE,999,yes,PRIVATE
CMA,"Carmel College of Engg. & Technology, Punnapra,",Alappuzha,EEE,999,yes,PRIVATE
CMA,"Carmel College of Engg. & Technology, Punnapra,",Alappuzha,ME,999,yes,PRIVATE
CCE,"Christ College of Engineering, Irinjalakuda.",Thrissur,CE,999,yes,PRIVATE
CCE,"Christ College of Engineering, Irinjalakuda.",Thrissur,CSE,999,yes,PRIVATE
CCE,"Christ College of Engineering, Irinjalakuda.",Thrissur,ECE,999,yes,PRIVATE
CCE,"Christ College of Engineering, Irinjalakuda.",Thrissur,EEE,999,yes,PRIVATE
CCE,"Christ College of Engineering, Irinjalakuda.",Thrissur,ME,999,yes,PRIVATE
CKC,"Christ Knowledge City, Kuzhoor,EKM",Ernakulam,CE,999,yes,PRIVATE
CKC,"Christ Knowledge City, Kuzhoor,EKM",Ernakulam,CSE,999,yes,PRIVATE
CKC,"Christ Knowledge City, Kuzhoor,EKM",Ernakulam,ECE,999,yes,PRIVATE
CKC,"Christ Knowledge City, Kuzhoor,EKM",Ernakulam,ME,999,yes,PRIVATE
PRP,"College of Engineering & Management, Punnapra.",Alappuzha,CE,999,yes,GOVT
PRP,"College of Engineering & Management, Punnapra.",Alappuzha,CSE,999,yes,GOVT
PRP,"College of Engineering & Management, Punnapra.",Alappuzha,ECE,999,yes,GOVT
PRP,"College of Engineering & Management, Punnapra.",Alappuzha,EEE,999,yes,GOVT
PRP,"College of Engineering & Management, Punnapra.",Alappuzha,IT,999,yes,GOVT
PRP,"College of Engineering & Management, Punnapra.",Alappuzha,ME,999,yes,GOVT
CEN,"College of Engineering and Technology, Payyannur, Kannur.",Kannur,CE,999,yes,GOVT
CEN,"College of Engineering and Technology, Payyannur, Kannur.",Kannur,ECE,999,yes,GOVT
CEN,"College of Engineering and Technology, Payyannur, Kannur.",Kannur,EEE,999,yes,GOVT
CEN,"College of Engineering and Technology, Payyannur, Kannur.",Kannur,ME,999,yes,GOVT
PRN,College of Engineering Perumon.,Kollam,CSE,999,yes,GOVT
PRN,College of Engineering Perumon.,Kollam,ECE,999,yes,GOVT
PRN,College of Engineering Perumon.,Kollam,EEE,999,yes,GOVT
PRN,College of Engineering Perumon.,Kollam,IT,999,yes,GOVT
PRN,College of Engineering Perumon.,Kollam,ME,999,yes,GOVT
ADR,"College of Engineering, Adoor",Pathanamthitta,CSE,999,yes,GOVT
ADR,"College of Engineering, Adoor",Pathanamthitta,ECE,999,yes,GOVT
ADR,"College of Engineering, Adoor",Pathanamthitta,EEE,999,yes,GOVT
ADR,"College of Engineering, Adoor",Pathanamthitta,ME,999,yes,GOVT
AEC,"College of Engineering, Aranmula, Pathanamthitta.",Pathanamthitta,CE,999,yes,GOVT
AEC,"College of Engineering, Aranmula, Pathanamthitta.",Pathanamthitta,CSE,999,yes,GOVT
AEC,"College of Engineering, Aranmula, Pathanamthitta.",Pathanamthitta,ECE,999,yes,GOVT
AEC,"College of Engineering, Aranmula, Pathanamthitta.",Pathanamthitta,EEE,999,yes,GOVT
CEA,"College of Engineering, Attingal, Thiruvananthapuram.",Thiruvananthapuram,CSE,999,yes,GOVT
CEA,"College of Engineering, Attingal, Thiruvananthapuram.",Thiruvananthapuram,ECE,999,yes,GOVT
CEA,"College of Engineering, Attingal, Thiruvananthapuram.",Thiruvananthapuram,EEE,999,yes,GOVT
CHN,"College of Engineering, Chengannur, Alappuzha.",Alappuzha,CSE,999,yes,GOVT
CHN,"College of Engineering, Chengannur, Alappuzha.",Alappuzha,ECE,999,yes,GOVT
CHN,"College of Engineering, Chengannur, Alappuzha.",Alappuzha,EEE,999,yes,GOVT
CEC,"College of Engineering, Cherthala, Alappuzha.",Alappuzha,CSE,999,yes,GOVT
CEC,"College of Engineering, Cherthala, Alappuzha.",Alappuzha,ECE,999,yes,GOVT
CEC,"College of Engineering, Cherthala, Alappuzha.",Alappuzha,EEE,999,yes,GOVT
PTA,"College of Engineering, Kallooppara.",Pathanamthitta,CSE,999,yes,GOVT
PTA,"College of Engineering, Kallooppara.",Pathanamthitta,ECE,999,yes,GOVT
PTA,"College of Engineering, Kallooppara.",Pathanamthitta,EEE,999,yes,GOVT
KNP,"College of Engineering, Karunagappally.",Kollam,CSE,999,yes,GOVT
KNP,"College of Engineering, Karunagappally.",Kollam,ECE,999,yes,GOVT
KNP,"College of Engineering, Karunagappally.",Kollam,EEE,999,yes,GOVT
KNP,"College of Engineering, Karunagappally.",Kollam,ME,999,yes,GOVT
KGR,"College of Engineering, Kidangoor.",Kottayam,CE,999,yes,GOVT
KGR,"College of Engineering, Kidangoor.",Kottayam,CSE,999,yes,GOVT
KGR,"College of Engineering, Kidangoor.",Kottayam,ECE,999,yes,GOVT
KGR,"College of Engineering, Kidangoor.",Kottayam,EEE,999,yes,GOVT
KGR,"College of Engineering, Kidangoor.",Kottayam,IT,999,yes,GOVT
CEK,"College of Engineering, Kottarakkara, Kollam.",Kollam,CSE,999,yes,GOVT
CEK,"College of Engineering, Kottarakkara, Kollam.",Kollam,ECE,999,yes,GOVT
MNR,"College of Engineering, Munnar.",Munnar,CSE,999,yes,GOVT
MNR,"College of Engineering, Munnar.",Munnar,ECE,999,yes,GOVT
MNR,"College of Engineering, Munnar.",Munnar,EEE,999,yes,GOVT
MNR,"College of Engineering, Munnar.",Munnar,ME,999,yes,GOVT
CEM,"College of Engineering, Muttathara.",Thiruvananthapuram,CE,999,yes,GOVT
CEM,"College of Engineering, Muttathara.",Thiruvananthapuram,CSE,999,yes,GOVT
CEM,"College of Engineering, Muttathara.",Thiruvananthapuram,ECE,999,yes,GOVT
CEM,"College of Engineering, Muttathara.",Thiruvananthapuram,EEE,999,yes,GOVT
CEM,"College of Engineering, Muttathara.",Thiruvananthapuram,ME,999,yes,GOVT
PEC,"College of Engineering, Pathanapuram.",Kollam,CE,999,yes,GOVT
PEC,"College of Engineering, Pathanapuram.",Kollam,CSE,999,yes,GOVT
PEC,"College of Engineering, Pathanapuram.",Kollam,ECE,999,yes,GOVT
PEC,"College of Engineering, Pathanapuram.",Kollam,EEE,999,yes,GOVT
PEC,"College of Engineering, Pathanapuram.",Kollam,ME,999,yes,GOVT
PJR,"College of Engineering, Poonjar.",Kottayam,CSE,999,yes,GOVT
PJR,"College of Engineering, Poonjar.",Kottayam,ECE,999,yes,GOVT
PJR,"College of Engineering, Poonjar.",Kottayam,EEE,999,yes,GOVT
TLY,"College of Engineering, Thalassery, Kannur.",Kannur,CE,999,yes,GOVT
TLY,"College of Engineering, Thalassery, Kannur.",Kannur,CSE,999,yes,GOVT
TLY,"College of Engineering, Thalassery, Kannur.",Kannur,ECE,999,yes,GOVT
TLY,"College of Engineering, Thalassery, Kannur.",Kannur,EEE,999,yes,GOVT
TLY,"College of Engineering, Thalassery, Kannur.",Kannur,IT,999,yes,GOVT
TLY,"College of Engineering, Thalassery, Kannur.",Kannur,ME,999,yes,GOVT
TKR,"College of Engineering, Thrikarippur, Kasaragod.",Kasaragod,CE,999,yes,GOVT
TKR,"College of Engineering, Thrikarippur, Kasaragod.",Kasaragod,CSE,999,yes,GOVT
TKR,"College of Engineering, Thrikarippur, Kasaragod.",Kasaragod,ECE,999,yes,GOVT
TKR,"College of Engineering, Thrikarippur, Kasaragod.",Kasaragod,EEE,999,yes,GOVT
TKR,"College of Engineering, Thrikarippur, Kasaragod.",Kasaragod,IT,999,yes,GOVT
VDA,"College of Engineering, Vadakara, Kozhikode.",Kozhikode,CE,999,yes,GOVT
VDA,"College of Engineering, Vadakara, Kozhikode.",Kozhikode,CSE,999,yes,GOVT
VDA,"College of Engineering, Vadakara, Kozhikode.",Kozhikode,ECE,999,yes,GOVT
VDA,"College of Engineering, Vadakara, Kozhikode.",Kozhikode,EEE,999,yes,GOVT
VDA,"College of Engineering, Vadakara, Kozhikode.",Kozhikode,IT,999,yes,GOVT
TVE,"College of Engineering,Thiruvananthapuram.",Thiruvananthapuram,AEI,999,yes,GOVT
TVE,"College of Engineering,Thiruvananthapuram.",Thiruvananthapuram,CE,999,yes,GOVT
TVE,"College of Engineering,Thiruvananthapuram.",Thiruvananthapuram,CSE,999,yes,GOVT
TVE,"College of Engineering,Thiruvananthapuram.",Thiruvananthapuram,ECE,999,yes,GOVT
TVE,"College of Engineering,Thiruvananthapuram.",Thiruvananthapuram,EEE,999,yes,GOVT
TVE,"College of Engineering,Thiruvananthapuram.",Thiruvananthapuram,ME,999,yes,GOVT
IDK,"Engineering College, Idukki",Idukki,CSE,999,yes,GOVT
IDK,"Engineering College, Idukki",Idukki,ECE,999,yes,GOVT
IDK,"Engineering College, Idukki",Idukki,EEE,999,yes,GOVT
IDK,"Engineering College, Idukki",Idukki,IT,999,yes,GOVT
IDK,"Engineering College, Idukki",Idukki,ME,999,yes,GOVT
EKC,"Eranad Knowledgecity Technical Campus, Cherukulam,",Kozhikode,CE,999,yes,GOVT
EKC,"Eranad Knowledgecity Technical Campus, Cherukulam,",Kozhikode,CSE,999,yes,GOVT
EKC,"Eranad Knowledgecity Technical Campus, Cherukulam,",Kozhikode,ECE,999,yes,GOVT
EKC,"Eranad Knowledgecity Technical Campus, Cherukulam,",Kozhikode,ME,999,yes,GOVT
FIT,"Federal Institute of Science & Tech., Angamaly.",Ernakulam,CE,999,yes,GOVT
FIT,"Federal Institute of Science & Tech., Angamaly.",Ernakulam,CSE,999,yes,GOVT
FIT,"Federal Institute of Science & Tech., Angamaly.",Ernakulam,ECE,999,yes,GOVT
FIT,"Federal Institute of Science & Tech., Angamaly.",Ernakulam,EEE,999,yes,GOVT
FIT,"Federal Institute of Science & Tech., Angamaly.",Ernakulam,ME,999,yes,GOVT
KNR,"Govt. College of Engineering, Kannur.",Kannur,CE,999,yes,GOVT
KNR,"Govt. College of Engineering, Kannur.",Kannur,CSE,999,yes,GOVT
KNR,"Govt. College of Engineering, Kannur.",Kannur,ECE,999,yes,GOVT
KNR,"Govt. College of Engineering, Kannur.",Kannur,EEE,999,yes,GOVT
KNR,"Govt. College of Engineering, Kannur.",Kannur,ME,999,yes,GOVT
TRV,"Govt. Engineering College, Barton Hills, TVM",Thiruvananthapuram,CE,999,yes,GOVT
TRV,"Govt. Engineering College, Barton Hills, TVM",Thiruvananthapuram,ECE,999,yes,GOVT
TRV,"Govt. Engineering College, Barton Hills, TVM",Thiruvananthapuram,EEE,999,yes,GOVT
TRV,"Govt. Engineering College, Barton Hills, TVM",Thiruvananthapuram,IT,999,yes,GOVT
TRV,"Govt. Engineering College, Barton Hills, TVM",Thiruvananthapuram,ME,999,yes,GOVT
KKE,"Govt. Engineering College, Kozhikkode.",Kozhikode,AEI,999,yes,GOVT
KKE,"Govt. Engineering College, Kozhikkode.",Kozhikode,CE,999,yes,GOVT
KKE,"Govt. Engineering College, Kozhikkode.",Kozhikode,CHE,999,yes,GOVT
KKE,"Govt. Engineering College, Kozhikkode.",Kozhikode,ECE,999,yes,GOVT
KKE,"Govt. Engineering College, Kozhikkode.",Kozhikode,ME,999,yes,GOVT
WYD,"Govt. Engineering College, Mananthavady.",Wayanad,CSE,999,yes,GOVT
WYD,"Govt. Engineering College, Mananthavady.",Wayanad,ECE,999,yes,GOVT
WYD,"Govt. Engineering College, Mananthavady.",Wayanad,EEE,999,yes,GOVT
WYD,"Govt. Engineering College, Mananthavady.",Wayanad,ME,999,yes,GOVT
PKD,"Govt. Engineering College, Sreekrishnapuram.",Palakkad,CE,999,yes,GOVT
PKD,"Govt. Engineering College, Sreekrishnapuram.",Palakkad,CSE,999,yes,GOVT
PKD,"Govt. Engineering College, Sreekrishnapuram.",Palakkad,ECE,999,yes,GOVT
PKD,"Govt. Engineering College, Sreekrishnapuram.",Palakkad,EEE,999,yes,GOVT
PKD,"Govt. Engineering College, Sreekrishnapuram.",Palakkad,IT,999,yes,GOVT
PKD,"Govt. Engineering College, Sreekrishnapuram.",Palakkad,ME,999,yes,GOVT
TCR,"Govt. Engineering College,Thrissur.",Thrissur,CE,999,yes,GOVT
TCR,"Govt. Engineering College,Thrissur.",Thrissur,CHE,999,yes,GOVT
TCR,"Govt. Engineering College,Thrissur.",Thrissur,CSE,999,yes,GOVT
TCR,"Govt. Engineering College,Thrissur.",Thrissur,ECE,999,yes,GOVT
TCR,"Govt. Engineering College,Thrissur.",Thrissur,EEE,999,yes,GOVT
TCR,"Govt. Engineering College,Thrissur.",Thrissur,ME,999,yes,GOVT
KTE,"Govt. Rajiv Gandhi Institute of Tech., Kottayam.",Kottayam,CE,999,yes,GOVT
KTE,"Govt. Rajiv Gandhi Institute of Tech., Kottayam.",Kottayam,CSE,999,yes,GOVT
KTE,"Govt. Rajiv Gandhi Institute of Tech., Kottayam.",Kottayam,ECE,999,yes,GOVT
KTE,"Govt. Rajiv Gandhi Institute of Tech., Kottayam.",Kottayam,EEE,999,yes,GOVT
KTE,"Govt. Rajiv Gandhi Institute of Tech., Kottayam.",Kottayam,ME,999,yes,GOVT
GIT,"Gurudeva Institute of Science & Technology, Puthuppally.",Kottayam,CE,999,yes,PRIVATE
GIT,"Gurudeva Institute of Science & Technology, Puthuppally.",Kottayam,CSE,999,yes,PRIVATE
GIT,"Gurudeva Institute of Science & Technology, Puthuppally.",Kottayam,ECE,999,yes,PRIVATE
GIT,"Gurudeva Institute of Science & Technology, Puthuppally.",Kottayam,EEE,999,yes,PRIVATE
GIT,"Gurudeva Institute of Science & Technology, Puthuppally.",Kottayam,ME,999,yes,PRIVATE
HCE,"Heera College of Engineering & Technology, Nedumangad.",Thiruvananthapuram,CE,999,yes,PRIVATE
HCE,"Heera College of Engineering & Technology, Nedumangad.",Thiruvananthapuram,CSE,999,yes,PRIVATE
HCE,"Heera College of Engineering & Technology, Nedumangad.",Thiruvananthapuram,ECE,999,yes,PRIVATE
HCE,"Heera College of Engineering & Technology, Nedumangad.",Thiruvananthapuram,EEE,999,yes,PRIVATE
HCE,"Heera College of Engineering & Technology, Nedumangad.",Thiruvananthapuram,ME,999,yes,PRIVATE
HGW,"Holy Grace Academy of Engineering, Mala, Thrissur.",Thrissur,CE,999,yes,PRIVATE
HGW,"Holy Grace Academy of Engineering, Mala, Thrissur.",Thrissur,CSE,999,yes,PRIVATE
HGW,"Holy Grace Academy of Engineering, Mala, Thrissur.",Thrissur,ECE,999,yes,PRIVATE
HGW,"Holy Grace Academy of Engineering, Mala, Thrissur.",Thrissur,EEE,999,yes,PRIVATE
HGW,"Holy Grace Academy of Engineering, Mala, Thrissur.",Thrissur,ME,999,yes,PRIVATE
IES,"I E S College of Engineering, Chittilappilly.",Thrissur,CE,999,yes,PRIVATE
IES,"I E S College of Engineering, Chittilappilly.",Thrissur,CSE,999,yes,PRIVATE
IES,"I E S College of Engineering, Chittilappilly.",Thrissur,ECE,999,yes,PRIVATE
IES,"I E S College of Engineering, Chittilappilly.",Thrissur,EEE,999,yes,PRIVATE
IES,"I E S College of Engineering, Chittilappilly.",Thrissur,ME,999,yes,PRIVATE
ECE,"ICCS College of Engineering and Management, Thrissur",Thrissur,CE,999,yes,PRIVATE
ECE,"ICCS College of Engineering and Management, Thrissur",Thrissur,CSE,999,yes,PRIVATE
ECE,"ICCS College of Engineering and Management, Thrissur",Thrissur,ME,999,yes,PRIVATE
ICE,"Ilahia College of Engineering & Tech., Moovattupuzha.",Ernakulam,AIDS,999,yes,PRIVATE
ICE,"Ilahia College of Engineering & Tech., Moovattupuzha.",Ernakulam,CE,999,yes,PRIVATE
ICE,"Ilahia College of Engineering & Tech., Moovattupuzha.",Ernakulam,CSE,999,yes,PRIVATE
ICE,"Ilahia College of Engineering & Tech., Moovattupuzha.",Ernakulam,ECE,999,yes,PRIVATE
ICE,"Ilahia College of Engineering & Tech., Moovattupuzha.",Ernakulam,EEE,999,yes,PRIVATE
ICE,"Ilahia College of Engineering & Tech., Moovattupuzha.",Ernakulam,ME,999,yes,PRIVATE
ILE,"ILM College of Engineering, Perumbavoor, Ernakulam.",Ernakulam,CE,999,yes,PRIVATE
ILE,"ILM College of Engineering, Perumbavoor, Ernakulam.",Ernakulam,CSE,999,yes,PRIVATE
ILE,"ILM College of Engineering, Perumbavoor, Ernakulam.",Ernakulam,ECE,999,yes,PRIVATE
ILE,"ILM College of Engineering, Perumbavoor, Ernakulam.",Ernakulam,ME,999,yes,PRIVATE
IGW,"Indira Gandhi Inst. of Engineering & Tech., Kothamangalam",Ernakulam,CE,999,yes,PRIVATE
IGW,"Indira Gandhi Inst. of Engineering & Tech., Kothamangalam",Ernakulam,CSE,999,yes,PRIVATE
IGW,"Indira Gandhi Inst. of Engineering & Tech., Kothamangalam",Ernakulam,ECE,999,yes,PRIVATE
IGW,"Indira Gandhi Inst. of Engineering & Tech., Kothamangalam",Ernakulam,EEE,999,yes,PRIVATE
JBT,"Jai Bharath College of Management & Engg. Tech.,",Ernakulam,CE,999,yes,PRIVATE
JBT,"Jai Bharath College of Management & Engg. Tech.,",Ernakulam,CSE,999,yes,PRIVATE
JBT,"Jai Bharath College of Management & Engg. Tech.,",Ernakulam,ECE,999,yes,PRIVATE
JBT,"Jai Bharath College of Management & Engg. Tech.,",Ernakulam,EEE,999,yes,PRIVATE
JBT,"Jai Bharath College of Management & Engg. Tech.,",Ernakulam,ME,999,yes,PRIVATE
JCE,"Jawaharlal College of Engineering & Technology,",Palakkad,CE,999,yes,PRIVATE
JCE,"Jawaharlal College of Engineering & Technology,",Palakkad,CSE,999,yes,PRIVATE
JCE,"Jawaharlal College of Engineering & Technology,",Palakkad,ECE,999,yes,PRIVATE
JCE,"Jawaharlal College of Engineering & Technology,",Palakkad,ME,999,yes,PRIVATE
JIT,"John Cox Memorial CSI Institute of Technology,",Thiruvananthapuram,CE,999,yes,PRIVATE
JIT,"John Cox Memorial CSI Institute of Technology,",Thiruvananthapuram,CSE,999,yes,PRIVATE
JIT,"John Cox Memorial CSI Institute of Technology,",Thiruvananthapuram,ECE,999,yes,PRIVATE
JIT,"John Cox Memorial CSI Institute of Technology,",Thiruvananthapuram,EEE,999,yes,PRIVATE
JIT,"John Cox Memorial CSI Institute of Technology,",Thiruvananthapuram,ME,999,yes,PRIVATE
JEC,"Jyothi Engineering College, Cheruthuruthy.",Thrissur,AIDS,999,yes,PRIVATE
JEC,"Jyothi Engineering College, Cheruthuruthy.",Thrissur,CE,999,yes,PRIVATE
JEC,"Jyothi Engineering College, Cheruthuruthy.",Thrissur,CSE,999,yes,PRIVATE
JEC,"Jyothi Engineering College, Cheruthuruthy.",Thrissur,ECE,999,yes,PRIVATE
JEC,"Jyothi Engineering College, Cheruthuruthy.",Thrissur,EEE,999,yes,PRIVATE
JEC,"Jyothi Engineering College, Cheruthuruthy.",Thrissur,ME,999,yes,PRIVATE
KME,"K M E A Engineering College, Edathala.",Ernakulam,CE,999,yes,PRIVATE
KME,"K M E A Engineering College, Edathala.",Ernakulam,CSE,999,yes,PRIVATE
KME,"K M E A Engineering College, Edathala.",Ernakulam,ECE,999,yes,PRIVATE
KME,"K M E A Engineering College, Edathala.",Ernakulam,EEE,999,yes,PRIVATE
KME,"K M E A Engineering College, Edathala.",Ernakulam,ME,999,yes,PRIVATE
GWE,"K R Gouri Amma College of Engineering, Thuravoor, Cherthala.",Alappuzha,CE,999,yes,PRIVATE
GWE,"K R Gouri Amma College of Engineering, Thuravoor, Cherthala.",Alappuzha,CSE,999,yes,PRIVATE
GWE,"K R Gouri Amma College of Engineering, Thuravoor, Cherthala.",Alappuzha,ECE,999,yes,PRIVATE
GWE,"K R Gouri Amma College of Engineering, Thuravoor, Cherthala.",Alappuzha,IT,999,yes,PRIVATE
KMW,"KMCT College of  Engineering for Women, Manassery.",Kozhikode,CE,999,yes,PRIVATE
KMW,"KMCT College of  Engineering for Women, Manassery.",Kozhikode,CSE,999,yes,PRIVATE
KMC,"KMCT College of  Engineering, Kozhikkode.",Kozhikode,AEI,999,yes,PRIVATE
KMC,"KMCT College of  Engineering, Kozhikkode.",Kozhikode,CE,999,yes,PRIVATE
KMC,"KMCT College of  Engineering, Kozhikkode.",Kozhikode,CSE,999,yes,PRIVATE
KMC,"KMCT College of  Engineering, Kozhikkode.",Kozhikode,ECE,999,yes,PRIVATE
KMC,"KMCT College of  Engineering, Kozhikkode.",Kozhikode,EEE,999,yes,PRIVATE
KMC,"KMCT College of  Engineering, Kozhikkode.",Kozhikode,IT,999,yes,PRIVATE
KMC,"KMCT College of  Engineering, Kozhikkode.",Kozhikode,ME,999,yes,PRIVATE
KMT,"KMCT College of Engineering for Emerging Technology,",Kozhikode,CSE,999,yes,PRIVATE
KMW,"KMCT College of Engineering for Women, Manassery.",Kozhikode,CE,999,yes,PRIVATE
KMW,"KMCT College of Engineering for Women, Manassery.",Kozhikode,CSE,999,yes,PRIVATE
KMC,"KMCT College of Engineering, Kozhikkode.",Kozhikode,AEI,999,yes,PRIVATE
KMC,"KMCT College of Engineering, Kozhikkode.",Kozhikode,CE,999,yes,PRIVATE
KMC,"KMCT College of Engineering, Kozhikkode.",Kozhikode,CSE,999,yes,PRIVATE
KMC,"KMCT College of Engineering, Kozhikkode.",Kozhikode,ECE,999,yes,PRIVATE
KMC,"KMCT College of Engineering, Kozhikkode.",Kozhikode,EEE,999,yes,PRIVATE
KMC,"KMCT College of Engineering, Kozhikkode.",Kozhikode,IT,999,yes,PRIVATE
KMC,"KMCT College of Engineering, Kozhikkode.",Kozhikode,ME,999,yes,PRIVATE
KIT,"Kottayam Institute of Tech. & Science, Pallicathode,",Kottayam,CE,999,yes,PRIVATE
KIT,"Kottayam Institute of Tech. & Science, Pallicathode,",Kottayam,CSE,999,yes,PRIVATE
KIT,"Kottayam Institute of Tech. & Science, Pallicathode,",Kottayam,ECE,999,yes,PRIVATE
KIT,"Kottayam Institute of Tech. & Science, Pallicathode,",Kottayam,EEE,999,yes,PRIVATE
KIT,"Kottayam Institute of Tech. & Science, Pallicathode,",Kottayam,ME,999,yes,PRIVATE
KIT,"Kottayam Institute of Tech. & Science, Pallicathode, Kottayam.",Kottayam,AEI,999,yes,PRIVATE
KVE,"KVM College of Engineering and Information Technology, Cherthala.",Alappuzha,CSE,999,yes,PRIVATE
AXE,"Layola Institute of Science and Technology,East Kodaly,",Thrissur,CSE,999,yes,PRIVATE
AXE,"Layola Institute of Science and Technology,East Kodaly,",Thrissur,ECE,999,yes,PRIVATE
AXE,"Layola Institute of Science and Technology,East Kodaly,",Thrissur,EEE,999,yes,PRIVATE
AXE,"Layola Institute of Science and Technology,East Kodaly,",Thrissur,ME,999,yes,PRIVATE
KSD,"LBS College of Engineering, Kasaragod.",Kasaragod,CE,999,yes,PRIVATE
KSD,"LBS College of Engineering, Kasaragod.",Kasaragod,CSE,999,yes,PRIVATE
KSD,"LBS College of Engineering, Kasaragod.",Kasaragod,ECE,999,yes,PRIVATE
KSD,"LBS College of Engineering, Kasaragod.",Kasaragod,EEE,999,yes,PRIVATE
KSD,"LBS College of Engineering, Kasaragod.",Kasaragod,IT,999,yes,PRIVATE
KSD,"LBS College of Engineering, Kasaragod.",Kasaragod,ME,999,yes,PRIVATE
LBT,"LBS Institute of Tech. for Women, Poojapura, TVPM",Thiruvananthapuram,AEI,999,yes,PRIVATE
LBT,"LBS Institute of Tech. for Women, Poojapura, TVPM",Thiruvananthapuram,CE,999,yes,PRIVATE
LBT,"LBS Institute of Tech. for Women, Poojapura, TVPM",Thiruvananthapuram,CSE,999,yes,PRIVATE
LBT,"LBS Institute of Tech. for Women, Poojapura, TVPM",Thiruvananthapuram,ECE,999,yes,PRIVATE
LBT,"LBS Institute of Tech. for Women, Poojapura, TVPM",Thiruvananthapuram,IT,999,yes,PRIVATE
LMC,"Lourdes Matha College of Science and Technology,",Thiruvananthapuram,CE,999,yes,PRIVATE
LMC,"Lourdes Matha College of Science and Technology,",Thiruvananthapuram,CSE,999,yes,PRIVATE
LMC,"Lourdes Matha College of Science and Technology,",Thiruvananthapuram,ECE,999,yes,PRIVATE
LMC,"Lourdes Matha College of Science and Technology,",Thiruvananthapuram,EEE,999,yes,PRIVATE
LMC,"Lourdes Matha College of Science and Technology,",Thiruvananthapuram,ME,999,yes,PRIVATE
MAC,"M A College of Engineering, Kothamangalam.",Ernakulam,CE,999,yes,AIDED
MAC,"M A College of Engineering, Kothamangalam.",Ernakulam,CSE,999,yes,AIDED
MAC,"M A College of Engineering, Kothamangalam.",Ernakulam,ECE,999,yes,AIDED
MAC,"M A College of Engineering, Kothamangalam.",Ernakulam,EEE,999,yes,AIDED
MAC,"M A College of Engineering, Kothamangalam.",Ernakulam,ME,999,yes,AIDED
DMC,"M Dasan Institute of Technology, Koyilandy.",Kozhikode,CE,999,yes,PRIVATE
DMC,"M Dasan Institute of Technology, Koyilandy.",Kozhikode,CSE,999,yes,PRIVATE
DMC,"M Dasan Institute of Technology, Koyilandy.",Kozhikode,ECE,999,yes,PRIVATE
DMC,"M Dasan Institute of Technology, Koyilandy.",Kozhikode,EEE,999,yes,PRIVATE
DMC,"M Dasan Institute of Technology, Koyilandy.",Kozhikode,ME,999,yes,PRIVATE
DMC,"M Dasan Memmorial Co-op. Inst. of Engg. & Inf. Tech.,",Kozhikode,CE,999,yes,PRIVATE
DMC,"M Dasan Memmorial Co-op. Inst. of Engg. & Inf. Tech.,",Kozhikode,CSE,999,yes,PRIVATE
DMC,"M Dasan Memmorial Co-op. Inst. of Engg. & Inf. Tech.,",Kozhikode,ECE,999,yes,PRIVATE
DMC,"M Dasan Memmorial Co-op. Inst. of Engg. & Inf. Tech.,",Kozhikode,EEE,999,yes,PRIVATE
DMC,"M Dasan Memmorial Co-op. Inst. of Engg. & Inf. Tech.,",Kozhikode,ME,999,yes,PRIVATE
MEA,"M E A Engineering College, Malappuram.",Malappuram,AIDS,999,yes,PRIVATE
MEA,"M E A Engineering College, Malappuram.",Malappuram,CE,999,yes,PRIVATE
MEA,"M E A Engineering College, Malappuram.",Malappuram,CSE,999,yes,PRIVATE
MEA,"M E A Engineering College, Malappuram.",Malappuram,ECE,999,yes,PRIVATE
MEA,"M E A Engineering College, Malappuram.",Malappuram,EEE,999,yes,PRIVATE
MEA,"M E A Engineering College, Malappuram.",Malappuram,IT,999,yes,PRIVATE
MEA,"M E A Engineering College, Malappuram.",Malappuram,ME,999,yes,PRIVATE
MES,"M E S College of Engineering, Kuttippuram.",Malappuram,AEI,999,yes,PRIVATE
MES,"M E S College of Engineering, Kuttippuram.",Malappuram,AIDS,999,yes,PRIVATE
MES,"M E S College of Engineering, Kuttippuram.",Malappuram,CE,999,yes,PRIVATE
MES,"M E S College of Engineering, Kuttippuram.",Malappuram,CSE,999,yes,PRIVATE
MES,"M E S College of Engineering, Kuttippuram.",Malappuram,ECE,999,yes,PRIVATE
MES,"M E S College of Engineering, Kuttippuram.",Malappuram,EEE,999,yes,PRIVATE
MES,"M E S College of Engineering, Kuttippuram.",Malappuram,IT,999,yes,PRIVATE
MES,"M E S College of Engineering, Kuttippuram.",Malappuram,ME,999,yes,PRIVATE
MGC,"M G College of Engineering, Thiruvallom.",Thiruvananthapuram,CSE,999,yes,PRIVATE
MGC,"M G College of Engineering, Thiruvallom.",Thiruvananthapuram,ECE,999,yes,PRIVATE
MGC,"M G College of Engineering, Thiruvallom.",Thiruvananthapuram,EEE,999,yes,PRIVATE
VPE,"Mahaguru Institute of Technology, Mavelikkara, Alappuzha",Alappuzha,CE,999,yes,PRIVATE
VPE,"Mahaguru Institute of Technology, Mavelikkara, Alappuzha",Alappuzha,CSE,999,yes,PRIVATE
VPE,"Mahaguru Institute of Technology, Mavelikkara, Alappuzha",Alappuzha,ECE,999,yes,PRIVATE
VPE,"Mahaguru Institute of Technology, Mavelikkara, Alappuzha",Alappuzha,EEE,999,yes,PRIVATE
VPE,"Mahaguru Institute of Technology, Mavelikkara, Alappuzha",Alappuzha,ME,999,yes,PRIVATE
MEC,"Malabar College of Engineering & Tech., Wadakancherry.",Thrissur,AEI,999,yes,PRIVATE
MEC,"Malabar College of Engineering & Tech., Wadakancherry.",Thrissur,CE,999,yes,PRIVATE
MEC,"Malabar College of Engineering & Tech., Wadakancherry.",Thrissur,CSE,999,yes,PRIVATE
MEC,"Malabar College of Engineering & Tech., Wadakancherry.",Thrissur,ECE,999,yes,PRIVATE
MEC,"Malabar College of Engineering & Tech., Wadakancherry.",Thrissur,ME,999,yes,PRIVATE
MLT,"Malabar Institute of Technology, Anjarakandi.",Kannur,CE,999,yes,PRIVATE
MLT,"Malabar Institute of Technology, Anjarakandi.",Kannur,CSE,999,yes,PRIVATE
MLT,"Malabar Institute of Technology, Anjarakandi.",Kannur,ECE,999,yes,PRIVATE
MLT,"Malabar Institute of Technology, Anjarakandi.",Kannur,EEE,999,yes,PRIVATE
MLT,"Malabar Institute of Technology, Anjarakandi.",Kannur,ME,999,yes,PRIVATE
MLM,"Mangalam College of Engineering, Ettumanoor.",Kottayam,CE,999,yes,PRIVATE
MLM,"Mangalam College of Engineering, Ettumanoor.",Kottayam,CHE,999,yes,PRIVATE
MLM,"Mangalam College of Engineering, Ettumanoor.",Kottayam,CSE,999,yes,PRIVATE
MLM,"Mangalam College of Engineering, Ettumanoor.",Kottayam,ECE,999,yes,PRIVATE
MLM,"Mangalam College of Engineering, Ettumanoor.",Kottayam,EEE,999,yes,PRIVATE
MLM,"Mangalam College of Engineering, Ettumanoor.",Kottayam,ME,999,yes,PRIVATE
MBC,"Mar Baselios Christian College of Engg. & Tech., Peermede.",Idukki,CE,999,yes,PRIVATE
MBC,"Mar Baselios Christian College of Engg. & Tech., Peermede.",Idukki,CSE,999,yes,PRIVATE
MBC,"Mar Baselios Christian College of Engg. & Tech., Peermede.",Idukki,ECE,999,yes,PRIVATE
MBC,"Mar Baselios Christian College of Engg. & Tech., Peermede.",Idukki,EEE,999,yes,PRIVATE
MBC,"Mar Baselios Christian College of Engg. & Tech., Peermede.",Idukki,ME,999,yes,PRIVATE
MBI,"Mar Baselios Institute of Technology & Science,",Ernakulam,CE,999,yes,PRIVATE
MBI,"Mar Baselios Institute of Technology & Science,",Ernakulam,CSE,999,yes,PRIVATE
MBI,"Mar Baselios Institute of Technology & Science,",Ernakulam,ECE,999,yes,PRIVATE
MBI,"Mar Baselios Institute of Technology & Science,",Ernakulam,EEE,999,yes,PRIVATE
MBI,"Mar Baselios Institute of Technology & Science,",Ernakulam,ME,999,yes,PRIVATE
MBT,"Mar Baselious College of Engg. & Tech.,",Ernakulam,CE,999,yes,PRIVATE
MBT,"Mar Baselious College of Engg. & Tech.,",Ernakulam,CSE,999,yes,PRIVATE
MBT,"Mar Baselious College of Engg. & Tech.,",Ernakulam,ECE,999,yes,PRIVATE
MBT,"Mar Baselious College of Engg. & Tech.,",Ernakulam,EEE,999,yes,PRIVATE
MBT,"Mar Baselious College of Engg. & Tech.,",Ernakulam,ME,999,yes,PRIVATE
MCE,"Marian Engineering College, Kazhakuttom.",Thiruvananthapuram,CE,999,yes,PRIVATE
MCE,"Marian Engineering College, Kazhakuttom.",Thiruvananthapuram,CSE,999,yes,PRIVATE
MCE,"Marian Engineering College, Kazhakuttom.",Thiruvananthapuram,ECE,999,yes,PRIVATE
MCE,"Marian Engineering College, Kazhakuttom.",Thiruvananthapuram,EEE,999,yes,PRIVATE
MCE,"Marian Engineering College, Kazhakuttom.",Thiruvananthapuram,ME,999,yes,PRIVATE
MEE,"MES College of Engineering & Technology, .Ernakulam.",Ernakulam,CE,999,yes,PRIVATE
MEE,"MES College of Engineering & Technology, .Ernakulam.",Ernakulam,CSE,999,yes,PRIVATE
MEE,"MES College of Engineering & Technology, .Ernakulam.",Ernakulam,ECE,999,yes,PRIVATE
MEE,"MES College of Engineering & Technology, .Ernakulam.",Ernakulam,EEE,999,yes,PRIVATE
MEE,"MES College of Engineering & Technology, .Ernakulam.",Ernakulam,ME,999,yes,PRIVATE
MEK,"MES Institute of Tech. & Management, Chathannoor.",Kollam,CE,999,yes,PRIVATE
MEK,"MES Institute of Tech. & Management, Chathannoor.",Kollam,CSE,999,yes,PRIVATE
MEK,"MES Institute of Tech. & Management, Chathannoor.",Kollam,ECE,999,yes,PRIVATE
MEK,"MES Institute of Tech. & Management, Chathannoor.",Kollam,EEE,999,yes,PRIVATE
MEK,"MES Institute of Tech. & Management, Chathannoor.",Kollam,ME,999,yes,PRIVATE
MET,"Met's School of Engineering, Mala.",Thrissur,CE,999,yes,PRIVATE
MET,"Met's School of Engineering, Mala.",Thrissur,CSE,999,yes,PRIVATE
MET,"Met's School of Engineering, Mala.",Thrissur,ECE,999,yes,PRIVATE
MET,"Met's School of Engineering, Mala.",Thrissur,EEE,999,yes,PRIVATE
MET,"Met's School of Engineering, Mala.",Thrissur,ME,999,yes,PRIVATE
MGE,"MGM College of Engineering & Technology, Ernakulam",Ernakulam,CE,999,yes,PRIVATE
MGE,"MGM College of Engineering & Technology, Ernakulam",Ernakulam,CSE,999,yes,PRIVATE
MGE,"MGM College of Engineering & Technology, Ernakulam",Ernakulam,ECE,999,yes,PRIVATE
MGE,"MGM College of Engineering & Technology, Ernakulam",Ernakulam,EEE,999,yes,PRIVATE
MGE,"MGM College of Engineering & Technology, Ernakulam",Ernakulam,ME,999,yes,PRIVATE
CCV,"MGM College of Engineering and Pharmaceutical Sciences,",Malappuram,CE,999,yes,PRIVATE
CCV,"MGM College of Engineering and Pharmaceutical Sciences,",Malappuram,CHE,999,yes,PRIVATE
CCV,"MGM College of Engineering and Pharmaceutical Sciences,",Malappuram,CSE,999,yes,PRIVATE
CCV,"MGM College of Engineering and Pharmaceutical Sciences,",Malappuram,ECE,999,yes,PRIVATE
CCV,"MGM College of Engineering and Pharmaceutical Sciences,",Malappuram,EEE,999,yes,PRIVATE
CCV,"MGM College of Engineering and Pharmaceutical Sciences,",Malappuram,ME,999,yes,PRIVATE
MDL,"Model Engineering College, Thrikkakkara.",Ernakulam,CSE,999,yes,PRIVATE
MDL,"Model Engineering College, Thrikkakkara.",Ernakulam,ECE,999,yes,PRIVATE
MDL,"Model Engineering College, Thrikkakkara.",Ernakulam,EEE,999,yes,PRIVATE
MDL,"Model Engineering College, Thrikkakkara.",Ernakulam,ME,999,yes,PRIVATE
MCT,"Mohandas College of Engg. & Tech., Nedumangad, TVM",Thiruvananthapuram,CE,999,yes,PRIVATE
MCT,"Mohandas College of Engg. & Tech., Nedumangad, TVM",Thiruvananthapuram,CSE,999,yes,PRIVATE
MCT,"Mohandas College of Engg. & Tech., Nedumangad, TVM",Thiruvananthapuram,ECE,999,yes,PRIVATE
MCT,"Mohandas College of Engg. & Tech., Nedumangad, TVM",Thiruvananthapuram,EEE,999,yes,PRIVATE
MCT,"Mohandas College of Engg. & Tech., Nedumangad, TVM",Thiruvananthapuram,ME,999,yes,PRIVATE
MZC,"Mount Zion College of Engg., Pathanamthitta.",Pathanamthitta,AEI,999,yes,PRIVATE
MZC,"Mount Zion College of Engg., Pathanamthitta.",Pathanamthitta,CE,999,yes,PRIVATE
MZC,"Mount Zion College of Engg., Pathanamthitta.",Pathanamthitta,CSE,999,yes,PRIVATE
MZC,"Mount Zion College of Engg., Pathanamthitta.",Pathanamthitta,ECE,999,yes,PRIVATE
MZC,"Mount Zion College of Engg., Pathanamthitta.",Pathanamthitta,ME,999,yes,PRIVATE
MZW,"Mount Zion Institute of Science & Tehnology, Chengannur",Alappuzha,CE,999,yes,PRIVATE
MZW,"Mount Zion Institute of Science & Tehnology, Chengannur",Alappuzha,CSE,999,yes,PRIVATE
MZW,"Mount Zion Institute of Science & Tehnology, Chengannur",Alappuzha,ME,999,yes,PRIVATE
MCK,"Musaliar College of Engineering & Tech., Pathanamthitta.",Pathanamthitta,CE,999,yes,PRIVATE
MCK,"Musaliar College of Engineering & Tech., Pathanamthitta.",Pathanamthitta,CSE,999,yes,PRIVATE
MCK,"Musaliar College of Engineering & Tech., Pathanamthitta.",Pathanamthitta,ECE,999,yes,PRIVATE
MCK,"Musaliar College of Engineering & Tech., Pathanamthitta.",Pathanamthitta,EEE,999,yes,PRIVATE
MCK,"Musaliar College of Engineering & Tech., Pathanamthitta.",Pathanamthitta,ME,999,yes,PRIVATE
MCC,"Musaliar College of Engineering, Chirayinkeezh.",Thiruvananthapuram,CE,999,yes,PRIVATE
MCC,"Musaliar College of Engineering, Chirayinkeezh.",Thiruvananthapuram,CSE,999,yes,PRIVATE
MCC,"Musaliar College of Engineering, Chirayinkeezh.",Thiruvananthapuram,ECE,999,yes,PRIVATE
MCC,"Musaliar College of Engineering, Chirayinkeezh.",Thiruvananthapuram,EEE,999,yes,PRIVATE
MCC,"Musaliar College of Engineering, Chirayinkeezh.",Thiruvananthapuram,ME,999,yes,PRIVATE
MUS,"Muslim Association College of Engineering, Venjaramoodu.",Thiruvananthapuram,CE,999,yes,PRIVATE
MUS,"Muslim Association College of Engineering, Venjaramoodu.",Thiruvananthapuram,CSE,999,yes,PRIVATE
MUS,"Muslim Association College of Engineering, Venjaramoodu.",Thiruvananthapuram,ECE,999,yes,PRIVATE
MUS,"Muslim Association College of Engineering, Venjaramoodu.",Thiruvananthapuram,EEE,999,yes,PRIVATE
MUS,"Muslim Association College of Engineering, Venjaramoodu.",Thiruvananthapuram,ME,999,yes,PRIVATE
MUT,"Muthoot Institute of Tech. & Science, Puthencurz,",Ernakulam,AIDS,999,yes,PRIVATE
MUT,"Muthoot Institute of Tech. & Science, Puthencurz,",Ernakulam,CE,999,yes,PRIVATE
MUT,"Muthoot Institute of Tech. & Science, Puthencurz,",Ernakulam,CSE,999,yes,PRIVATE
MUT,"Muthoot Institute of Tech. & Science, Puthencurz,",Ernakulam,ECE,999,yes,PRIVATE
MUT,"Muthoot Institute of Tech. & Science, Puthencurz,",Ernakulam,EEE,999,yes,PRIVATE
MUT,"Muthoot Institute of Tech. & Science, Puthencurz,",Ernakulam,ME,999,yes,PRIVATE
NSS,"N S S College of Engineering, Palakkad.",Palakkad,CE,999,yes,PRIVATE
NSS,"N S S College of Engineering, Palakkad.",Palakkad,CSE,999,yes,PRIVATE
NSS,"N S S College of Engineering, Palakkad.",Palakkad,ECE,999,yes,PRIVATE
NSS,"N S S College of Engineering, Palakkad.",Palakkad,EEE,999,yes,PRIVATE
NSS,"N S S College of Engineering, Palakkad.",Palakkad,ME,999,yes,PRIVATE
NCE,"Nehru College of Engg. & Research Centre, Thiruvillwamala.",Thrissur,CSE,999,yes,PRIVATE
NCE,"Nehru College of Engg. & Research Centre, Thiruvillwamala.",Thrissur,ECE,999,yes,PRIVATE
NCE,"Nehru College of Engg. & Research Centre, Thiruvillwamala.",Thrissur,EEE,999,yes,PRIVATE
NCE,"Nehru College of Engg. & Research Centre, Thiruvillwamala.",Thrissur,ME,999,yes,PRIVATE
NIE,"Nirmala College of Engineering, Chalakudy.",Thrissur,CE,999,yes,PRIVATE
NIE,"Nirmala College of Engineering, Chalakudy.",Thrissur,CSE,999,yes,PRIVATE
NIE,"Nirmala College of Engineering, Chalakudy.",Thrissur,ME,999,yes,PRIVATE
NML,"North Malabar Institute of Technology, Kanhangad.",Kasaragod,CE,999,yes,PRIVATE
NML,"North Malabar Institute of Technology, Kanhangad.",Kasaragod,CSE,999,yes,PRIVATE
NML,"North Malabar Institute of Technology, Kanhangad.",Kasaragod,ECE,999,yes,PRIVATE
NML,"North Malabar Institute of Technology, Kanhangad.",Kasaragod,EEE,999,yes,PRIVATE
NML,"North Malabar Institute of Technology, Kanhangad.",Kasaragod,ME,999,yes,PRIVATE
PAA,"P A Aziz College of Engineering, Karakulam,",Thiruvananthapuram,AEI,999,yes,PRIVATE
PAA,"P A Aziz College of Engineering, Karakulam,",Thiruvananthapuram,CE,999,yes,PRIVATE
PAA,"P A Aziz College of Engineering, Karakulam,",Thiruvananthapuram,CSE,999,yes,PRIVATE
PAA,"P A Aziz College of Engineering, Karakulam,",Thiruvananthapuram,ECE,999,yes,PRIVATE
PAA,"P A Aziz College of Engineering, Karakulam,",Thiruvananthapuram,EEE,999,yes,PRIVATE
PAA,"P A Aziz College of Engineering, Karakulam,",Thiruvananthapuram,ME,999,yes,PRIVATE
PRC,"Providence College of Engineering, Chengannur.",Alappuzha,CE,999,yes,PRIVATE
PRC,"Providence College of Engineering, Chengannur.",Alappuzha,CSE,999,yes,PRIVATE
PRC,"Providence College of Engineering, Chengannur.",Alappuzha,ECE,999,yes,PRIVATE
PRC,"Providence College of Engineering, Chengannur.",Alappuzha,EEE,999,yes,PRIVATE
PRC,"Providence College of Engineering, Chengannur.",Alappuzha,ME,999,yes,PRIVATE
PRS,"PRS College of Engineering & Tech., Neyyattinkara, TVPM",Thiruvananthapuram,EEE,999,yes,PRIVATE
PRS,"PRS College of Engineering & Tech., Neyyattinkara,, TVPM",Thiruvananthapuram,ECE,999,yes,PRIVATE
PRS,"PRS College of Engineering & Tech., Neyyattinkara.",Thiruvananthapuram,CE,999,yes,PRIVATE
PRS,"PRS College of Engineering & Tech., Neyyattinkara.",Thiruvananthapuram,CSE,999,yes,PRIVATE
PRS,"PRS College of Engineering & Tech., Neyyattinkara.",Thiruvananthapuram,ME,999,yes,PRIVATE
RIE,"Rajadhani Institute of Engineering & Tech., Attingal.",Thiruvananthapuram,CE,999,yes,PRIVATE
RIE,"Rajadhani Institute of Engineering & Tech., Attingal.",Thiruvananthapuram,CSE,999,yes,PRIVATE
RIE,"Rajadhani Institute of Engineering & Tech., Attingal.",Thiruvananthapuram,ECE,999,yes,PRIVATE
RIE,"Rajadhani Institute of Engineering & Tech., Attingal.",Thiruvananthapuram,EEE,999,yes,PRIVATE
RIE,"Rajadhani Institute of Engineering & Tech., Attingal.",Thiruvananthapuram,ME,999,yes,PRIVATE
AME,"Rajadhani Institute of Science and Technology, Palakkad",Palakkad,CE,999,yes,PRIVATE
AME,"Rajadhani Institute of Science and Technology, Palakkad",Palakkad,CSE,999,yes,PRIVATE
AME,"Rajadhani Institute of Science and Technology, Palakkad",Palakkad,ECE,999,yes,PRIVATE
AME,"Rajadhani Institute of Science and Technology, Palakkad",Palakkad,EEE,999,yes,PRIVATE
AME,"Rajadhani Institute of Science and Technology, Palakkad",Palakkad,ME,999,yes,PRIVATE
RET,"Rajagiri School of Engineering and Technology, Kochi.",Ernakulam,AEI,999,yes,PRIVATE
RET,"Rajagiri School of Engineering and Technology, Kochi.",Ernakulam,AIDS,999,yes,PRIVATE
RET,"Rajagiri School of Engineering and Technology, Kochi.",Ernakulam,AIDS,999,yes,PRIVATE
RET,"Rajagiri School of Engineering and Technology, Kochi.",Ernakulam,CE,999,yes,PRIVATE
RET,"Rajagiri School of Engineering and Technology, Kochi.",Ernakulam,CE,999,yes,PRIVATE
RET,"Rajagiri School of Engineering and Technology, Kochi.",Ernakulam,CSE,999,yes,PRIVATE
RET,"Rajagiri School of Engineering and Technology, Kochi.",Ernakulam,CSE,999,yes,PRIVATE
RET,"Rajagiri School of Engineering and Technology, Kochi.",Ernakulam,ECE,999,yes,PRIVATE
RET,"Rajagiri School of Engineering and Technology, Kochi.",Ernakulam,ECE,999,yes,PRIVATE
RET,"Rajagiri School of Engineering and Technology, Kochi.",Ernakulam,EEE,999,yes,PRIVATE
RET,"Rajagiri School of Engineering and Technology, Kochi.",Ernakulam,EEE,999,yes,PRIVATE
RET,"Rajagiri School of Engineering and Technology, Kochi.",Ernakulam,IT,999,yes,PRIVATE
RET,"Rajagiri School of Engineering and Technology, Kochi.",Ernakulam,IT,999,yes,PRIVATE
RET,"Rajagiri School of Engineering and Technology, Kochi.",Ernakulam,ME,999,yes,PRIVATE
RET,"Rajagiri School of Engineering and Technology, Kochi.",Ernakulam,ME,999,yes,PRIVATE
RCE,"Royal College of Engineering & Technology, Thrissur.",Thrissur,AIDS,999,yes,PRIVATE
RCE,"Royal College of Engineering & Technology, Thrissur.",Thrissur,CE,999,yes,PRIVATE
RCE,"Royal College of Engineering & Technology, Thrissur.",Thrissur,CSE,999,yes,PRIVATE
RCE,"Royal College of Engineering & Technology, Thrissur.",Thrissur,ECE,999,yes,PRIVATE
RCE,"Royal College of Engineering & Technology, Thrissur.",Thrissur,EEE,999,yes,PRIVATE
RCE,"Royal College of Engineering & Technology, Thrissur.",Thrissur,ME,999,yes,PRIVATE
SCT,"S C T College of Engineering, Pappanamcode, TVPM",Thiruvananthapuram,CSE,999,yes,PRIVATE
SCT,"S C T College of Engineering, Pappanamcode, TVPM",Thiruvananthapuram,ECE,999,yes,PRIVATE
SCT,"S C T College of Engineering, Pappanamcode, TVPM",Thiruvananthapuram,ME,999,yes,PRIVATE
SGT,"Sadguru Swamy Nithyananda Insti. of Tech., Karsaragod",Karsaragod,CE,999,yes,PRIVATE
SGT,"Sadguru Swamy Nithyananda Insti. of Tech., Karsaragod",Karsaragod,CSE,999,yes,PRIVATE
SGT,"Sadguru Swamy Nithyananda Insti. of Tech., Karsaragod",Karsaragod,ME,999,yes,PRIVATE
SHR,"Sahrdaya College of Engineering and Technology, Kodakara.",Thrissur,CE,999,yes,PRIVATE
SHR,"Sahrdaya College of Engineering and Technology, Kodakara.",Thrissur,CSE,999,yes,PRIVATE
SHR,"Sahrdaya College of Engineering and Technology, Kodakara.",Thrissur,ECE,999,yes,PRIVATE
SHR,"Sahrdaya College of Engineering and Technology, Kodakara.",Thrissur,EEE,999,yes,PRIVATE
MGP,"Saintgits College of Engineering, Kottayam",Kottayam,AEI,999,yes,PRIVATE
MGP,"Saintgits College of Engineering, Kottayam",Kottayam,CE,999,yes,PRIVATE
MGP,"Saintgits College of Engineering, Kottayam",Kottayam,CHE,999,yes,PRIVATE
MGP,"Saintgits College of Engineering, Kottayam",Kottayam,CSE,999,yes,PRIVATE
MGP,"Saintgits College of Engineering, Kottayam",Kottayam,ECE,999,yes,PRIVATE
MGP,"Saintgits College of Engineering, Kottayam",Kottayam,EEE,999,yes,PRIVATE
MGP,"Saintgits College of Engineering, Kottayam",Kottayam,ME,999,yes,PRIVATE
SIT,"Sarabhai Institute of Science & Technology, Vellanad.",Thiruvananthapuram,CE,999,yes,PRIVATE
SIT,"Sarabhai Institute of Science & Technology, Vellanad.",Thiruvananthapuram,CSE,999,yes,PRIVATE
SIT,"Sarabhai Institute of Science & Technology, Vellanad.",Thiruvananthapuram,ECE,999,yes,PRIVATE
SIT,"Sarabhai Institute of Science & Technology, Vellanad.",Thiruvananthapuram,EEE,999,yes,PRIVATE
SIT,"Sarabhai Institute of Science & Technology, Vellanad.",Thiruvananthapuram,ME,999,yes,PRIVATE
SCM,"SCMS School of Engg. & Tech., Ernakulam",Ernakulam,AEI,999,yes,PRIVATE
SCM,"SCMS School of Engg. & Tech., Ernakulam",Ernakulam,CE,999,yes,PRIVATE
SCM,"SCMS School of Engg. & Tech., Ernakulam",Ernakulam,CSE,999,yes,PRIVATE
SCM,"SCMS School of Engg. & Tech., Ernakulam",Ernakulam,ECE,999,yes,PRIVATE
SCM,"SCMS School of Engg. & Tech., Ernakulam",Ernakulam,EEE,999,yes,PRIVATE
SCM,"SCMS School of Engg. & Tech., Ernakulam",Ernakulam,ME,999,yes,PRIVATE
SHM,"Shahul Hameed Memorial Engineering College, Kadakkal,",Kollam,CE,999,yes,PRIVATE
SHM,"Shahul Hameed Memorial Engineering College, Kadakkal,",Kollam,CSE,999,yes,PRIVATE
SHM,"Shahul Hameed Memorial Engineering College, Kadakkal,",Kollam,ECE,999,yes,PRIVATE
SHM,"Shahul Hameed Memorial Engineering College, Kadakkal,",Kollam,EEE,999,yes,PRIVATE
SHM,"Shahul Hameed Memorial Engineering College, Kadakkal,",Kollam,ME,999,yes,PRIVATE
SBW,"Sree Buddha College of Engineering, Elavumthitta,",Pathanamthitta,CE,999,yes,PRIVATE
SBW,"Sree Buddha College of Engineering, Elavumthitta,",Pathanamthitta,CSE,999,yes,PRIVATE
SBW,"Sree Buddha College of Engineering, Elavumthitta,",Pathanamthitta,ECE,999,yes,PRIVATE
SBW,"Sree Buddha College of Engineering, Elavumthitta,",Pathanamthitta,EEE,999,yes,PRIVATE
SBW,"Sree Buddha College of Engineering, Elavumthitta,",Pathanamthitta,ME,999,yes,PRIVATE
SBC,"Sree Buddha College of Engineering, Nooranadu.",Alappuzha,CE,999,yes,PRIVATE
SBC,"Sree Buddha College of Engineering, Nooranadu.",Alappuzha,CSE,999,yes,PRIVATE
SBC,"Sree Buddha College of Engineering, Nooranadu.",Alappuzha,ECE,999,yes,PRIVATE
SBC,"Sree Buddha College of Engineering, Nooranadu.",Alappuzha,EEE,999,yes,PRIVATE
SBC,"Sree Buddha College of Engineering, Nooranadu.",Alappuzha,ME,999,yes,PRIVATE
SNC,"Sree Narayana Guru College of Engg & Technology,",Ernakulam,CE,999,yes,PRIVATE
SNC,"Sree Narayana Guru College of Engg & Technology,",Ernakulam,CSE,999,yes,PRIVATE
SNC,"Sree Narayana Guru College of Engg & Technology,",Ernakulam,ECE,999,yes,PRIVATE
SNC,"Sree Narayana Guru College of Engg & Technology,",Ernakulam,EEE,999,yes,PRIVATE
SNC,"Sree Narayana Guru College of Engg & Technology,",Ernakulam,ME,999,yes,PRIVATE
SNT,"Sree Narayana Guru Institute of Science & Tech., N.",Ernakulam,CE,999,yes,PRIVATE
SNT,"Sree Narayana Guru Institute of Science & Tech., N.",Ernakulam,CSE,999,yes,PRIVATE
SNT,"Sree Narayana Guru Institute of Science & Tech., N.",Ernakulam,EEE,999,yes,PRIVATE
SNT,"Sree Narayana Guru Institute of Science & Tech., N.",Ernakulam,ME,999,yes,PRIVATE
SNG,"Sree Narayana Gurukulam College of Engineering,",Ernakulam,CE,999,yes,PRIVATE
SNG,"Sree Narayana Gurukulam College of Engineering,",Ernakulam,CSE,999,yes,PRIVATE
SNG,"Sree Narayana Gurukulam College of Engineering,",Ernakulam,ECE,999,yes,PRIVATE
SNG,"Sree Narayana Gurukulam College of Engineering,",Ernakulam,EEE,999,yes,PRIVATE
SNG,"Sree Narayana Gurukulam College of Engineering,",Ernakulam,ME,999,yes,PRIVATE
SNP,"Sree Narayana Institute of Technology, Adoor",Pathanamthitta,CE,999,yes,PRIVATE
SNP,"Sree Narayana Institute of Technology, Adoor",Pathanamthitta,ECE,999,yes,PRIVATE
SNP,"Sree Narayana Institute of Technology, Adoor",Pathanamthitta,EEE,999,yes,PRIVATE
SNP,"Sree Narayana Institute of Technology, Adoor",Pathanamthitta,ME,999,yes,PRIVATE
SNM,"Sree Narayana Mangalam Inst. of Mgmt. & Tech.,",Ernakulam,CE,999,yes,PRIVATE
SNM,"Sree Narayana Mangalam Inst. of Mgmt. & Tech.,",Ernakulam,CSE,999,yes,PRIVATE
SNM,"Sree Narayana Mangalam Inst. of Mgmt. & Tech.,",Ernakulam,ECE,999,yes,PRIVATE
SNM,"Sree Narayana Mangalam Inst. of Mgmt. & Tech.,",Ernakulam,EEE,999,yes,PRIVATE
SNM,"Sree Narayana Mangalam Inst. of Mgmt. & Tech.,",Ernakulam,ME,999,yes,PRIVATE
SPT,"Sreepathy Institute of Management & Tech., Koottanad.",Palakkad,CE,999,yes,PRIVATE
SPT,"Sreepathy Institute of Management & Tech., Koottanad.",Palakkad,CSE,999,yes,PRIVATE
SPT,"Sreepathy Institute of Management & Tech., Koottanad.",Palakkad,ECE,999,yes,PRIVATE
SPT,"Sreepathy Institute of Management & Tech., Koottanad.",Palakkad,EEE,999,yes,PRIVATE
SPT,"Sreepathy Institute of Management & Tech., Koottanad.",Palakkad,ME,999,yes,PRIVATE
SJC,"St. Josephs College of Engineering and Technology,Palai.",Kottayam,AIDS,999,yes,PRIVATE
SJC,"St. Josephs College of Engineering and Technology,Palai.",Kottayam,CE,999,yes,PRIVATE
SJC,"St. Josephs College of Engineering and Technology,Palai.",Kottayam,CSE,999,yes,PRIVATE
SJC,"St. Josephs College of Engineering and Technology,Palai.",Kottayam,ECE,999,yes,PRIVATE
SJC,"St. Josephs College of Engineering and Technology,Palai.",Kottayam,EEE,999,yes,PRIVATE
SJC,"St. Josephs College of Engineering and Technology,Palai.",Kottayam,ME,999,yes,PRIVATE
STC,"St. Thomas College of Engg. & Technology, Chengannur.",Alappuzha,CE,999,yes,PRIVATE
STC,"St. Thomas College of Engg. & Technology, Chengannur.",Alappuzha,CSE,999,yes,PRIVATE
STC,"St. Thomas College of Engg. & Technology, Chengannur.",Alappuzha,ECE,999,yes,PRIVATE
STC,"St. Thomas College of Engg. & Technology, Chengannur.",Alappuzha,EEE,999,yes,PRIVATE
STC,"St. Thomas College of Engg. & Technology, Chengannur.",Alappuzha,ME,999,yes,PRIVATE
STM,"St. Thomas College of Engineering & Technology,  Kannur.",Kannur,CE,999,yes,PRIVATE
STM,"St. Thomas College of Engineering & Technology,  Kannur.",Kannur,CSE,999,yes,PRIVATE
STM,"St. Thomas College of Engineering & Technology,  Kannur.",Kannur,ECE,999,yes,PRIVATE
STM,"St. Thomas College of Engineering & Technology,  Kannur.",Kannur,ME,999,yes,PRIVATE
STM,"St. Thomas College of Engineering & Technology, Kannur.",Kannur,CE,999,yes,PRIVATE
STM,"St. Thomas College of Engineering & Technology, Kannur.",Kannur,CSE,999,yes,PRIVATE
STM,"St. Thomas College of Engineering & Technology, Kannur.",Kannur,ECE,999,yes,PRIVATE
STM,"St. Thomas College of Engineering & Technology, Kannur.",Kannur,ME,999,yes,PRIVATE
STI,"St. Thomas Institute of Science & Technology, Kattaikonam.",Thiruvananthapuram,CE,999,yes,PRIVATE
STI,"St. Thomas Institute of Science & Technology, Kattaikonam.",Thiruvananthapuram,CSE,999,yes,PRIVATE
STI,"St. Thomas Institute of Science & Technology, Kattaikonam.",Thiruvananthapuram,ECE,999,yes,PRIVATE
STI,"St. Thomas Institute of Science & Technology, Kattaikonam.",Thiruvananthapuram,EEE,999,yes,PRIVATE
STI,"St. Thomas Institute of Science & Technology, Kattaikonam.",Thiruvananthapuram,ME,999,yes,PRIVATE
TKM,"T K M College of Engineering, Kollam.",Kollam,CE,999,yes,AIDED
TKM,"T K M College of Engineering, Kollam.",Kollam,CHE,999,yes,AIDED
TKM,"T K M College of Engineering, Kollam.",Kollam,CSE,999,yes,AIDED
TKM,"T K M College of Engineering, Kollam.",Kollam,ECE,999,yes,AIDED
TKM,"T K M College of Engineering, Kollam.",Kollam,EEE,999,yes,AIDED
TKM,"T K M College of Engineering, Kollam.",Kollam,ME,999,yes,AIDED
TKI,"T K M Institute of Technology, Ezhukone, Kollam.",Kollam,CE,999,yes,PRIVATE
TKI,"T K M Institute of Technology, Ezhukone, Kollam.",Kollam,CSE,999,yes,PRIVATE
TKI,"T K M Institute of Technology, Ezhukone, Kollam.",Kollam,EEE,999,yes,PRIVATE
TKI,"T K M Institute of Technology, Ezhukone, Kollam.",Kollam,ME,999,yes,PRIVATE
TJE,"Thejus Engineering College, Erumapetti, Thrissur.",Thrissur,CE,999,yes,PRIVATE
TJE,"Thejus Engineering College, Erumapetti, Thrissur.",Thrissur,CSE,999,yes,PRIVATE
TJE,"Thejus Engineering College, Erumapetti, Thrissur.",Thrissur,ECE,999,yes,PRIVATE
TJE,"Thejus Engineering College, Erumapetti, Thrissur.",Thrissur,EEE,999,yes,PRIVATE
TJE,"Thejus Engineering College, Erumapetti, Thrissur.",Thrissur,ME,999,yes,PRIVATE
TOC,"Toc H Institute of Science & Tech., Ernakulam",Ernakulam,CE,999,yes,PRIVATE
TOC,"Toc H Institute of Science & Tech., Ernakulam",Ernakulam,CSE,999,yes,PRIVATE
TOC,"Toc H Institute of Science & Tech., Ernakulam",Ernakulam,ECE,999,yes,PRIVATE
TOC,"Toc H Institute of Science & Tech., Ernakulam",Ernakulam,EEE,999,yes,PRIVATE
TOC,"Toc H Institute of Science & Tech., Ernakulam",Ernakulam,IT,999,yes,PRIVATE
TOC,"Toc H Institute of Science & Tech., Ernakulam",Ernakulam,ME,999,yes,PRIVATE
AXE,"toms College of Engineering, Mattakara, Kottayam",Thrissur,CE,999,yes,PRIVATE
TCE,"Toms College of Engineering, Mattakara, Kottayam",Kottayam,CE,999,yes,PRIVATE
TCE,"Toms College of Engineering, Mattakara, Kottayam",Kottayam,CHE,999,yes,PRIVATE
TCE,"Toms College of Engineering, Mattakara, Kottayam",Kottayam,CSE,999,yes,PRIVATE
TCE,"Toms College of Engineering, Mattakara, Kottayam",Kottayam,ME,999,yes,PRIVATE
TEC,"Travancore Engineering College, Oyoor, Kollam.",Kollam,CE,999,yes,PRIVATE
TEC,"Travancore Engineering College, Oyoor, Kollam.",Kollam,CSE,999,yes,PRIVATE
TEC,"Travancore Engineering College, Oyoor, Kollam.",Kollam,EEE,999,yes,PRIVATE
TEC,"Travancore Engineering College, Oyoor, Kollam.",Kollam,ME,999,yes,PRIVATE
TCT,"Trinity College of Engg, Neruvamoodu,",Thiruvananthapuram,CE,999,yes,PRIVATE
TCT,"Trinity College of Engg, Neruvamoodu,",Thiruvananthapuram,ECE,999,yes,PRIVATE
TCT,"Trinity College of Engg, Neruvamoodu,",Thiruvananthapuram,EEE,999,yes,PRIVATE
TCT,"Trinity College of Engg, Neruvamoodu,",Thiruvananthapuram,ME,999,yes,PRIVATE
UKP,"UKF College of Engineering & Tech., Parippally.",Kollam,CE,999,yes,PRIVATE
UKP,"UKF College of Engineering & Tech., Parippally.",Kollam,CSE,999,yes,PRIVATE
UKP,"UKF College of Engineering & Tech., Parippally.",Kollam,ECE,999,yes,PRIVATE
UKP,"UKF College of Engineering & Tech., Parippally.",Kollam,EEE,999,yes,PRIVATE
UKP,"UKF College of Engineering & Tech., Parippally.",Kollam,ME,999,yes,PRIVATE
UNT,"Universal Engineering College, Vallivattom, Thrissur.",Thrissur,CE,999,yes,PRIVATE
UNT,"Universal Engineering College, Vallivattom, Thrissur.",Thrissur,CSE,999,yes,PRIVATE
UNT,"Universal Engineering College, Vallivattom, Thrissur.",Thrissur,ECE,999,yes,PRIVATE
UNT,"Universal Engineering College, Vallivattom, Thrissur.",Thrissur,EEE,999,yes,PRIVATE
UNT,"Universal Engineering College, Vallivattom, Thrissur.",Thrissur,ME,999,yes,PRIVATE
UCK,"University College of Engineering, Kariavattom.",Thiruvananthapuram,CSE,999,yes,PRIVATE
UCK,"University College of Engineering, Kariavattom.",Thiruvananthapuram,ECE,999,yes,PRIVATE
UCK,"University College of Engineering, Kariavattom.",Thiruvananthapuram,IT,999,yes,PRIVATE
UCE,"University College of Engineering,Thodupuzha.",Idukki,CSE,999,yes,PRIVATE
UCE,"University College of Engineering,Thodupuzha.",Idukki,ECE,999,yes,PRIVATE
UCE,"University College of Engineering,Thodupuzha.",Idukki,EEE,999,yes,PRIVATE
UCE,"University College of Engineering,Thodupuzha.",Idukki,IT,999,yes,PRIVATE
VKE,"Valia Koonambaikulathamma College of Engg. & tech.,",Thiruvananthapuram,CE,999,yes,PRIVATE
VKE,"Valia Koonambaikulathamma College of Engg. & tech.,",Thiruvananthapuram,CSE,999,yes,PRIVATE
VKE,"Valia Koonambaikulathamma College of Engg. & tech.,",Thiruvananthapuram,ECE,999,yes,PRIVATE
VKE,"Valia Koonambaikulathamma College of Engg. & tech.,",Thiruvananthapuram,EEE,999,yes,PRIVATE
VKE,"Valia Koonambaikulathamma College of Engg. & tech.,",Thiruvananthapuram,ME,999,yes,PRIVATE
VVT,"Veda Vyasa Institute of Technology, Ponnempadam,",Malappuram,CE,999,yes,PRIVATE
VVT,"Veda Vyasa Institute of Technology, Ponnempadam,",Malappuram,CSE,999,yes,PRIVATE
VVT,"Veda Vyasa Institute of Technology, Ponnempadam,",Malappuram,ECE,999,yes,PRIVATE
VVT,"Veda Vyasa Institute of Technology, Ponnempadam,",Malappuram,EEE,999,yes,PRIVATE
VVT,"Veda Vyasa Institute of Technology, Ponnempadam,",Malappuram,ME,999,yes,PRIVATE
VAK,"Vidya Academy of Science & Technology, Kilimanoor.",Thiruvananthapuram,CE,999,yes,PRIVATE
VAK,"Vidya Academy of Science & Technology, Kilimanoor.",Thiruvananthapuram,CSE,999,yes,PRIVATE
VAK,"Vidya Academy of Science & Technology, Kilimanoor.",Thiruvananthapuram,ECE,999,yes,PRIVATE
VAK,"Vidya Academy of Science & Technology, Kilimanoor.",Thiruvananthapuram,EEE,999,yes,PRIVATE
VAK,"Vidya Academy of Science & Technology, Kilimanoor.",Thiruvananthapuram,ME,999,yes,PRIVATE
VAS,"Vidya Academy of Science & Technology, Thrissur.",Thrissur,CE,999,yes,PRIVATE
VAS,"Vidya Academy of Science & Technology, Thrissur.",Thrissur,CSE,999,yes,PRIVATE
VAS,"Vidya Academy of Science & Technology, Thrissur.",Thrissur,ECE,999,yes,PRIVATE
VAS,"Vidya Academy of Science & Technology, Thrissur.",Thrissur,EEE,999,yes,PRIVATE
VAS,"Vidya Academy of Science & Technology, Thrissur.",Thrissur,ME,999,yes,PRIVATE
VML,"Vimal Jyothi Engineering College, Chemperi.",Kannur,AEI,999,yes,PRIVATE
VML,"Vimal Jyothi Engineering College, Chemperi.",Kannur,AIDS,999,yes,PRIVATE
VML,"Vimal Jyothi Engineering College, Chemperi.",Kannur,CE,999,yes,PRIVATE
VML,"Vimal Jyothi Engineering College, Chemperi.",Kannur,CSE,999,yes,PRIVATE
VML,"Vimal Jyothi Engineering College, Chemperi.",Kannur,ECE,999,yes,PRIVATE
VML,"Vimal Jyothi Engineering College, Chemperi.",Kannur,EEE,999,yes,PRIVATE
VML,"Vimal Jyothi Engineering College, Chemperi.",Kannur,ME,999,yes,PRIVATE
VIT,"VISAT Engineering College, Piravam, EKM.",Ernakulam,CE,999,yes,PRIVATE
VIT,"VISAT Engineering College, Piravam, EKM.",Ernakulam,CSE,999,yes,PRIVATE
VIT,"VISAT Engineering College, Piravam, EKM.",Ernakulam,ECE,999,yes,PRIVATE
VIT,"VISAT Engineering College, Piravam, EKM.",Ernakulam,EEE,999,yes,PRIVATE
VIT,"VISAT Engineering College, Piravam, EKM.",Ernakulam,ME,999,yes,PRIVATE
VJC,"Viswajyothi College of Engg. & Technology,Vazhakulam.",Ernakulam,AIDS,999,yes,PRIVATE
VJC,"Viswajyothi College of Engg. & Technology,Vazhakulam.",Ernakulam,CE,999,yes,PRIVATE
VJC,"Viswajyothi College of Engg. & Technology,Vazhakulam.",Ernakulam,CSE,999,yes,PRIVATE
VJC,"Viswajyothi College of Engg. & Technology,Vazhakulam.",Ernakulam,ECE,999,yes,PRIVATE
VJC,"Viswajyothi College of Engg. & Technology,Vazhakulam.",Ernakulam,EEE,999,yes,PRIVATE
VJC,"Viswajyothi College of Engg. & Technology,Vazhakulam.",Ernakulam,IT,999,yes,PRIVATE
VJC,"Viswajyothi College of Engg. & Technology,Vazhakulam.",Ernakulam,ME,999,yes,PRIVATE
YCE,"Younus College of Engg. & Technology, Vadakkevila, Kollam",Kollam,CE,999,yes,PRIVATE
YCE,"Younus College of Engg. & Technology, Vadakkevila, Kollam",Kollam,CSE,999,yes,PRIVATE
YCE,"Younus College of Engg. & Technology, Vadakkevila, Kollam",Kollam,ECE,999,yes,PRIVATE
YCE,"Younus College of Engg. & Technology, Vadakkevila, Kollam",Kollam,EEE,999,yes,PRIVATE
YCE,"Younus College of Engg. & Technology, Vadakkevila, Kollam",Kollam,ME,999,yes,PRIVATE
YCK,"Younus Institute of Technology, Kannanaloor, Kollam",Kollam,CE,999,yes,PRIVATE
YCK,"Younus Institute of Technology, Kannanaloor, Kollam",Kollam,ECE,999,yes,PRIVATE
YCK,"Younus Institute of Technology, Kannanaloor, Kollam",Kollam,EEE,999,yes,PRIVATE
YCK,"Younus Institute of Technology, Kannanaloor, Kollam",Kollam,ME,999,yes,PRIVATE
